film_id,category_id,days_of_rental,avg_amount
1,6,1,0.99
2,11,1,4.99
3,6,1,2.99
4,11,1,2.99
5,8,1,2.99
7,5,1,4.99
8,11,1,4.99
9,11,1,2.99
10,15,1,4.99
11,9,1,0.99
12,12,1,0.99
15,9,1,2.99
18,2,1,0.99
19,1,1,0.99
20,12,1,4.99
21,1,1,4.99
22,13,1,2.99
23,2,1,0.99
24,11,1,2.99
25,13,1,2.99
26,14,1,0.99
28,5,1,4.99
30,11,1,2.99
31,8,1,4.99
32,13,1,4.99
35,11,1,2.99
37,4,1,2.99
39,14,1,0.99
40,6,1,0.99
42,15,1,2.99
43,8,1,2.99
44,14,1,4.99
45,13,1,4.99
46,10,1,4.99
48,3,1,4.99
49,14,1,2.99
50,8,1,2.99
52,9,1,0.99
54,12,1,0.99
55,14,1,2.99
57,16,1,2.99
58,6,1,2.99
59,3,1,2.99
60,4,1,4.99
61,7,1,4.99
63,8,1,0.99
64,7,1,0.99
65,11,1,4.99
66,3,1,0.99
67,1,1,2.99
68,3,1,4.99
69,14,1,2.99
70,2,1,4.99
72,6,1,2.99
73,14,1,2.99
76,12,1,0.99
77,13,1,4.99
78,2,1,2.99
79,7,1,0.99
82,8,1,0.99
83,8,1,2.99
84,16,1,4.99
85,6,1,0.99
86,12,1,4.99
88,16,1,4.99
89,2,1,0.99
90,13,1,0.99
91,4,1,0.99
92,11,1,4.99
93,13,1,4.99
96,13,1,2.99
97,1,1,0.99
98,7,1,4.99
99,5,1,2.99
100,9,1,4.99
102,15,1,4.99
103,16,1,4.99
105,1,1,0.99
107,7,1,2.99
111,1,1,0.99
112,9,1,4.99
113,15,1,4.99
114,14,1,0.99
115,1,1,2.99
116,4,1,2.99
117,10,1,4.99
118,2,1,0.99
119,5,1,0.99
121,2,1,2.99
122,11,1,0.99
123,16,1,4.99
124,3,1,4.99
125,16,1,2.99
127,5,1,4.99
129,6,1,2.99
130,1,1,0.99
131,4,1,4.99
132,14,1,0.99
133,12,1,4.99
134,2,1,4.99
135,15,1,2.99
136,13,1,2.99
138,14,1,2.99
139,8,1,4.99
140,14,1,0.99
141,10,1,4.99
142,6,1,0.99
143,7,1,0.99
145,8,1,4.99
146,7,1,2.99
147,8,1,0.99
149,3,1,0.99
152,3,1,2.99
153,14,1,0.99
154,2,1,2.99
157,3,1,0.99
158,12,1,2.99
159,5,1,4.99
160,2,1,0.99
161,12,1,4.99
162,1,1,2.99
164,6,1,0.99
165,14,1,4.99
166,4,1,2.99
167,16,1,4.99
168,3,1,0.99
169,16,1,2.99
170,9,1,4.99
172,7,1,4.99
174,12,1,4.99
176,15,1,0.99
179,7,1,4.99
181,16,1,2.99
182,5,1,4.99
183,8,1,4.99
184,4,1,2.99
185,9,1,2.99
186,7,1,0.99
188,5,1,2.99
190,4,1,4.99
191,3,1,0.99
193,2,1,2.99
194,1,1,0.99
199,6,1,2.99
200,10,1,0.99
201,9,1,2.99
203,14,1,4.99
204,7,1,0.99
205,1,1,0.99
206,6,1,0.99
208,2,1,2.99
209,7,1,2.99
211,10,1,4.99
212,1,1,4.99
213,8,1,0.99
215,10,1,4.99
218,7,1,0.99
222,11,1,4.99
223,2,1,2.99
224,16,1,4.99
226,13,1,4.99
227,10,1,4.99
228,4,1,0.99
229,1,1,4.99
232,10,1,2.99
233,16,1,0.99
234,14,1,2.99
235,14,1,2.99
236,10,1,2.99
237,15,1,2.99
239,2,1,4.99
243,2,1,4.99
245,2,1,0.99
246,9,1,4.99
247,5,1,0.99
248,6,1,4.99
250,1,1,0.99
251,13,1,4.99
252,1,1,2.99
253,1,1,4.99
254,15,1,2.99
255,12,1,4.99
257,16,1,0.99
258,11,1,0.99
259,2,1,2.99
260,15,1,4.99
261,6,1,0.99
262,8,1,0.99
263,15,1,4.99
266,4,1,0.99
267,13,1,4.99
269,8,1,0.99
270,13,1,0.99
271,1,1,4.99
272,7,1,4.99
273,8,1,0.99
274,6,1,2.99
275,11,1,0.99
276,5,1,4.99
277,11,1,4.99
279,15,1,4.99
280,3,1,0.99
281,10,1,0.99
282,7,1,0.99
284,12,1,4.99
285,14,1,0.99
287,1,1,0.99
288,16,1,2.99
290,9,1,0.99
291,15,1,0.99
292,1,1,0.99
293,15,1,2.99
294,16,1,4.99
295,6,1,0.99
296,14,1,2.99
297,4,1,2.99
299,16,1,0.99
300,2,1,4.99
301,11,1,0.99
302,10,1,2.99
303,1,1,0.99
304,3,1,2.99
306,10,1,0.99
307,16,1,4.99
308,5,1,2.99
309,8,1,0.99
310,10,1,4.99
311,9,1,0.99
312,14,1,4.99
313,11,1,4.99
314,2,1,0.99
315,8,1,0.99
317,5,1,0.99
319,14,1,2.99
320,13,1,4.99
322,15,1,2.99
326,2,1,2.99
328,3,1,2.99
329,1,1,2.99
330,2,1,4.99
331,10,1,2.99
333,12,1,2.99
334,11,1,4.99
336,6,1,4.99
337,9,1,2.99
338,14,1,4.99
341,4,1,0.99
342,16,1,4.99
343,3,1,2.99
344,3,1,0.99
345,8,1,0.99
346,4,1,4.99
347,16,1,4.99
348,8,1,0.99
349,2,1,2.99
350,14,1,4.99
351,11,1,2.99
352,10,1,0.99
353,9,1,2.99
354,3,1,4.99
355,2,1,0.99
356,3,1,2.99
358,4,1,0.99
361,15,1,2.99
363,12,1,0.99
365,5,1,4.99
366,7,1,0.99
367,14,1,0.99
368,7,1,2.99
369,14,1,4.99
371,1,1,4.99
373,3,1,2.99
374,14,1,0.99
375,1,1,2.99
376,9,1,0.99
377,8,1,0.99
378,12,1,2.99
379,7,1,0.99
380,9,1,2.99
381,10,1,4.99
382,10,1,0.99
383,15,1,0.99
384,12,1,4.99
385,5,1,4.99
387,10,1,0.99
388,5,1,0.99
389,15,1,2.99
391,8,1,2.99
392,3,1,4.99
394,14,1,2.99
395,1,1,0.99
396,7,1,4.99
398,12,1,4.99
401,7,1,0.99
402,2,1,0.99
403,7,1,4.99
406,10,1,0.99
407,6,1,0.99
408,10,1,4.99
409,3,1,4.99
411,12,1,4.99
412,6,1,4.99
413,5,1,2.99
414,9,1,2.99
415,11,1,2.99
416,9,1,0.99
418,7,1,0.99
420,15,1,4.99
421,9,1,4.99
423,3,1,0.99
424,3,1,0.99
427,6,1,0.99
428,8,1,2.99
429,15,1,0.99
430,2,1,0.99
432,4,1,2.99
433,2,1,2.99
434,16,1,0.99
435,9,1,4.99
437,8,1,2.99
439,7,1,4.99
440,9,1,0.99
442,8,1,2.99
443,5,1,2.99
444,5,1,4.99
445,4,1,2.99
446,15,1,4.99
447,10,1,2.99
448,13,1,2.99
449,14,1,2.99
450,3,1,2.99
451,16,1,4.99
452,9,1,0.99
453,15,1,2.99
455,9,1,4.99
456,2,1,4.99
457,6,1,0.99
458,8,1,0.99
459,9,1,4.99
460,9,1,4.99
461,2,1,0.99
462,12,1,2.99
463,15,1,2.99
464,2,1,2.99
465,13,1,4.99
466,6,1,4.99
467,9,1,0.99
468,3,1,2.99
469,4,1,4.99
470,2,1,4.99
471,4,1,2.99
472,16,1,4.99
473,7,1,2.99
474,15,1,2.99
475,11,1,0.99
476,8,1,2.99
477,12,1,0.99
478,5,1,2.99
479,8,1,0.99
480,4,1,2.99
481,13,1,2.99
482,4,1,0.99
483,10,1,2.99
484,4,1,2.99
485,3,1,4.99
487,4,1,4.99
488,15,1,0.99
489,2,1,0.99
490,13,1,2.99
492,13,1,0.99
493,9,1,0.99
494,11,1,0.99
496,16,1,0.99
499,8,1,4.99
500,9,1,4.99
503,15,1,2.99
504,7,1,0.99
505,3,1,2.99
506,11,1,4.99
507,10,1,0.99
508,10,1,4.99
510,2,1,4.99
512,4,1,4.99
513,16,1,2.99
514,7,1,2.99
515,3,1,4.99
516,12,1,0.99
518,16,1,4.99
519,15,1,2.99
520,14,1,2.99
521,7,1,4.99
523,4,1,0.99
524,5,1,0.99
525,4,1,0.99
526,16,1,2.99
527,11,1,4.99
529,5,1,2.99
530,1,1,2.99
531,9,1,0.99
532,15,1,4.99
533,9,1,2.99
534,8,1,0.99
535,11,1,0.99
536,4,1,2.99
538,13,1,0.99
539,7,1,2.99
540,12,1,2.99
541,2,1,2.99
542,1,1,2.99
545,9,1,0.99
547,3,1,0.99
548,4,1,2.99
550,8,1,2.99
551,13,1,4.99
553,3,1,0.99
554,4,1,2.99
555,5,1,0.99
556,10,1,4.99
557,8,1,2.99
559,14,1,2.99
560,10,1,0.99
561,13,1,2.99
562,12,1,0.99
563,10,1,4.99
564,2,1,2.99
565,9,1,4.99
566,9,1,0.99
568,5,1,4.99
569,2,1,2.99
570,15,1,4.99
571,6,1,2.99
572,14,1,2.99
574,1,1,0.99
575,6,1,4.99
577,15,1,0.99
578,4,1,4.99
579,1,1,4.99
580,13,1,4.99
581,12,1,0.99
583,2,1,4.99
586,1,1,0.99
587,6,1,4.99
588,3,1,4.99
590,13,1,2.99
591,10,1,4.99
592,12,1,2.99
593,11,1,0.99
594,1,1,0.99
595,9,1,0.99
596,10,1,4.99
597,10,1,4.99
598,15,1,0.99
600,11,1,0.99
601,16,1,0.99
602,14,1,0.99
603,8,1,4.99
604,5,1,0.99
606,15,1,0.99
608,3,1,2.99
609,16,1,2.99
610,8,1,0.99
611,4,1,4.99
612,15,1,2.99
613,5,1,0.99
614,10,1,4.99
615,2,1,2.99
616,6,1,2.99
617,8,1,0.99
618,7,1,0.99
619,15,1,0.99
620,14,1,2.99
621,8,1,2.99
622,6,1,0.99
623,9,1,0.99
624,10,1,4.99
625,14,1,0.99
626,3,1,2.99
627,6,1,4.99
631,15,1,0.99
632,13,1,4.99
633,4,1,4.99
637,14,1,4.99
638,5,1,2.99
639,8,1,4.99
640,9,1,4.99
641,9,1,0.99
643,7,1,2.99
644,2,1,2.99
645,16,1,2.99
646,10,1,0.99
648,16,1,4.99
649,2,1,2.99
650,6,1,0.99
651,2,1,0.99
652,4,1,0.99
655,14,1,4.99
656,16,1,0.99
657,5,1,2.99
658,11,1,2.99
659,1,1,4.99
660,5,1,2.99
661,9,1,4.99
663,4,1,0.99
665,11,1,2.99
666,7,1,4.99
668,15,1,4.99
670,6,1,4.99
674,9,1,0.99
675,13,1,2.99
677,13,1,0.99
678,15,1,2.99
680,5,1,4.99
681,15,1,0.99
683,7,1,4.99
685,13,1,4.99
686,13,1,4.99
687,6,1,0.99
688,3,1,0.99
689,9,1,2.99
690,2,1,2.99
691,15,1,4.99
692,2,1,2.99
693,2,1,2.99
694,4,1,4.99
695,8,1,4.99
696,2,1,0.99
697,1,1,0.99
698,6,1,2.99
699,10,1,4.99
700,8,1,2.99
702,11,1,2.99
703,2,1,4.99
705,9,1,2.99
706,7,1,4.99
707,1,1,2.99
708,6,1,4.99
709,7,1,2.99
710,8,1,4.99
711,14,1,4.99
714,14,1,2.99
715,8,1,4.99
716,11,1,2.99
717,1,1,0.99
720,13,1,2.99
724,8,1,2.99
725,4,1,4.99
727,8,1,0.99
728,7,1,0.99
729,15,1,2.99
730,13,1,0.99
731,4,1,4.99
732,1,1,0.99
733,15,1,0.99
734,6,1,4.99
735,3,1,2.99
736,8,1,0.99
737,11,1,0.99
738,9,1,0.99
739,7,1,4.99
741,12,1,0.99
744,4,1,0.99
745,15,1,4.99
746,10,1,0.99
747,10,1,0.99
748,1,1,0.99
751,13,1,0.99
752,12,1,0.99
753,8,1,0.99
755,3,1,4.99
756,5,1,2.99
757,6,1,2.99
758,7,1,2.99
759,13,1,2.99
760,13,1,2.99
762,10,1,0.99
763,15,1,4.99
764,15,1,4.99
765,5,1,4.99
766,7,1,0.99
767,12,1,4.99
768,3,1,4.99
769,9,1,4.99
770,9,1,2.99
771,7,1,4.99
772,7,1,2.99
773,15,1,2.99
775,7,1,4.99
776,6,1,4.99
777,15,1,4.99
778,8,1,4.99
779,15,1,4.99
780,8,1,4.99
781,10,1,4.99
782,15,1,2.99
783,16,1,2.99
784,16,1,2.99
785,16,1,4.99
786,3,1,0.99
788,6,1,2.99
789,9,1,2.99
790,7,1,0.99
791,6,1,4.99
792,9,1,2.99
794,1,1,0.99
796,15,1,0.99
799,11,1,0.99
800,11,1,2.99
803,7,1,4.99
805,2,1,4.99
806,13,1,2.99
807,10,1,0.99
808,4,1,0.99
810,8,1,0.99
812,6,1,0.99
813,15,1,0.99
815,4,1,2.99
816,2,1,0.99
817,14,1,4.99
818,7,1,4.99
820,2,1,2.99
821,9,1,0.99
822,8,1,0.99
823,1,1,2.99
825,1,1,2.99
827,7,1,4.99
830,11,1,0.99
831,14,1,0.99
832,8,1,0.99
833,3,1,0.99
835,10,1,2.99
836,15,1,2.99
838,1,1,4.99
839,14,1,0.99
840,10,1,0.99
841,15,1,2.99
842,10,1,2.99
843,4,1,4.99
844,15,1,4.99
845,9,1,4.99
846,13,1,4.99
847,13,1,2.99
849,2,1,0.99
850,1,1,0.99
851,15,1,0.99
853,3,1,4.99
854,11,1,4.99
856,11,1,4.99
857,5,1,2.99
858,5,1,4.99
859,2,1,4.99
861,10,1,4.99
862,4,1,0.99
864,3,1,0.99
865,2,1,4.99
867,8,1,4.99
868,16,1,0.99
869,1,1,2.99
870,11,1,0.99
871,5,1,4.99
872,16,1,2.99
873,3,1,0.99
875,15,1,0.99
876,11,1,2.99
877,12,1,0.99
878,16,1,4.99
880,2,1,2.99
881,11,1,4.99
882,7,1,0.99
883,3,1,4.99
885,11,1,0.99
886,2,1,0.99
887,2,1,4.99
888,6,1,4.99
890,15,1,0.99
891,4,1,0.99
892,2,1,4.99
893,14,1,4.99
894,16,1,0.99
895,4,1,2.99
896,3,1,0.99
897,7,1,4.99
898,15,1,4.99
899,4,1,0.99
900,9,1,2.99
901,2,1,0.99
903,16,1,4.99
904,11,1,4.99
907,7,1,0.99
908,9,1,4.99
911,1,1,4.99
912,14,1,2.99
913,13,1,0.99
914,16,1,2.99
915,1,1,4.99
916,2,1,2.99
917,15,1,2.99
918,3,1,4.99
919,10,1,4.99
920,13,1,0.99
922,11,1,4.99
924,14,1,0.99
925,6,1,0.99
927,1,1,2.99
928,3,1,2.99
929,9,1,4.99
930,14,1,2.99
931,16,1,0.99
932,5,1,0.99
934,10,1,4.99
936,12,1,2.99
937,13,1,2.99
938,5,1,4.99
939,5,1,2.99
940,15,1,0.99
941,10,1,4.99
942,7,1,0.99
944,7,1,4.99
945,6,1,0.99
948,13,1,0.99
949,10,1,0.99
951,4,1,0.99
953,2,1,0.99
956,10,1,4.99
957,9,1,4.99
958,7,1,2.99
960,6,1,2.99
962,4,1,2.99
963,2,1,0.99
965,11,1,0.99
966,6,1,0.99
967,14,1,2.99
968,1,1,4.99
969,7,1,4.99
970,4,1,0.99
971,9,1,4.99
972,14,1,4.99
973,6,1,4.99
974,13,1,0.99
976,10,1,0.99
977,16,1,2.99
979,7,1,4.99
980,12,1,4.99
981,16,1,0.99
982,1,1,0.99
983,12,1,2.99
985,14,1,4.99
986,2,1,2.99
987,12,1,2.99
988,16,1,2.99
989,16,1,4.99
992,6,1,0.99
993,3,1,2.99
994,13,1,4.99
995,11,1,4.99
999,3,1,2.99
1000,5,1,4.99
1,6,2,0.99
3,6,2,2.99
4,11,2,2.99
6,9,2,2.99
8,11,2,4.99
10,15,2,4.99
11,9,2,0.99
12,12,2,0.99
13,11,2,4.99
16,9,2,2.99
17,12,2,0.99
18,2,2,0.99
19,1,2,0.99
20,12,2,4.99
21,1,2,4.99
22,13,2,2.99
23,2,2,0.99
24,11,2,2.99
25,13,2,2.99
26,14,2,0.99
27,15,2,0.99
29,1,2,2.99
31,8,2,4.99
34,11,2,0.99
35,11,2,2.99
37,4,2,2.99
40,6,2,0.99
42,15,2,2.99
43,8,2,2.99
44,14,2,4.99
45,13,2,4.99
47,9,2,4.99
49,14,2,2.99
50,8,2,2.99
51,12,2,2.99
53,8,2,2.99
54,12,2,0.99
56,1,2,2.99
57,16,2,2.99
58,6,2,2.99
59,3,2,2.99
60,4,2,4.99
61,7,2,4.99
62,6,2,2.99
63,8,2,0.99
64,7,2,0.99
67,1,2,2.99
68,3,2,4.99
69,14,2,2.99
70,2,2,4.99
72,6,2,2.99
75,16,2,4.99
77,13,2,4.99
78,2,2,2.99
79,7,2,0.99
82,8,2,0.99
83,8,2,2.99
84,16,2,4.99
85,6,2,0.99
86,12,2,4.99
88,16,2,4.99
89,2,2,0.99
90,13,2,0.99
91,4,2,0.99
92,11,2,4.99
94,8,2,2.99
95,13,2,4.99
96,13,2,2.99
97,1,2,0.99
100,9,2,4.99
101,6,2,0.99
103,16,2,4.99
104,9,2,2.99
106,10,2,2.99
109,13,2,0.99
111,1,2,0.99
112,9,2,4.99
113,15,2,4.99
114,14,2,0.99
115,1,2,2.99
116,4,2,2.99
117,10,2,4.99
118,2,2,0.99
119,5,2,0.99
120,15,2,4.99
121,2,2,2.99
122,11,2,0.99
123,16,2,4.99
124,3,2,4.99
126,1,2,4.99
127,5,2,4.99
129,6,2,2.99
130,1,2,0.99
131,4,2,4.99
132,14,2,0.99
134,2,2,4.99
135,15,2,2.99
136,13,2,2.99
137,14,2,2.99
138,14,2,2.99
139,8,2,4.99
140,14,2,0.99
141,10,2,4.99
142,6,2,0.99
143,7,2,0.99
145,8,2,4.99
147,8,2,0.99
149,3,2,0.99
150,6,2,2.99
151,14,2,4.99
152,3,2,2.99
153,14,2,0.99
154,2,2,2.99
155,13,2,0.99
157,3,2,0.99
158,12,2,2.99
159,5,2,4.99
160,2,2,0.99
162,1,2,2.99
163,13,2,0.99
164,6,2,0.99
166,4,2,2.99
167,16,2,4.99
168,3,2,0.99
169,16,2,2.99
170,9,2,4.99
172,7,2,4.99
173,7,2,4.99
174,12,2,4.99
175,8,2,2.99
176,15,2,0.99
177,14,2,4.99
180,4,2,2.99
181,16,2,2.99
182,5,2,4.99
184,4,2,2.99
185,9,2,2.99
186,7,2,0.99
187,15,2,2.99
188,5,2,2.99
189,10,2,0.99
190,4,2,4.99
191,3,2,0.99
193,2,2,2.99
194,1,2,0.99
196,4,2,0.99
199,6,2,2.99
200,10,2,0.99
201,9,2,2.99
202,5,2,4.99
203,14,2,4.99
204,7,2,0.99
205,1,2,0.99
206,6,2,0.99
207,9,2,4.99
210,1,2,4.99
211,10,2,4.99
215,10,2,4.99
216,13,2,4.99
218,7,2,0.99
220,12,2,2.99
222,11,2,4.99
225,7,2,0.99
226,13,2,4.99
227,10,2,4.99
228,4,2,0.99
229,1,2,4.99
230,7,2,2.99
231,8,2,2.99
233,16,2,0.99
234,14,2,2.99
235,14,2,2.99
236,10,2,2.99
237,15,2,2.99
238,3,2,2.99
239,2,2,4.99
241,2,2,0.99
242,5,2,0.99
243,2,2,4.99
244,12,2,4.99
245,2,2,0.99
246,9,2,4.99
247,5,2,0.99
248,6,2,4.99
251,13,2,4.99
252,1,2,2.99
253,1,2,4.99
254,15,2,2.99
255,12,2,4.99
256,15,2,4.99
260,15,2,4.99
261,6,2,0.99
262,8,2,0.99
263,15,2,4.99
264,10,2,2.99
265,5,2,4.99
266,4,2,0.99
267,13,2,4.99
269,8,2,0.99
270,13,2,0.99
271,1,2,4.99
272,7,2,4.99
273,8,2,0.99
274,6,2,2.99
275,11,2,0.99
276,5,2,4.99
277,11,2,4.99
278,12,2,4.99
280,3,2,0.99
281,10,2,0.99
282,7,2,0.99
284,12,2,4.99
285,14,2,0.99
286,16,2,2.99
289,13,2,4.99
291,15,2,0.99
292,1,2,0.99
294,16,2,4.99
295,6,2,0.99
296,14,2,2.99
297,4,2,2.99
298,14,2,2.99
299,16,2,0.99
300,2,2,4.99
301,11,2,0.99
302,10,2,2.99
303,1,2,0.99
304,3,2,2.99
305,13,2,2.99
307,16,2,4.99
308,5,2,2.99
309,8,2,0.99
311,9,2,0.99
313,11,2,4.99
314,2,2,0.99
316,10,2,4.99
317,5,2,0.99
319,14,2,2.99
320,13,2,4.99
321,13,2,4.99
322,15,2,2.99
323,15,2,4.99
324,5,2,4.99
326,2,2,2.99
327,1,2,4.99
328,3,2,2.99
329,1,2,2.99
330,2,2,4.99
331,10,2,2.99
333,12,2,2.99
334,11,2,4.99
335,5,2,0.99
339,16,2,0.99
340,13,2,4.99
341,4,2,0.99
342,16,2,4.99
344,3,2,0.99
345,8,2,0.99
346,4,2,4.99
347,16,2,4.99
348,8,2,0.99
349,2,2,2.99
351,11,2,2.99
352,10,2,0.99
353,9,2,2.99
354,3,2,4.99
355,2,2,0.99
356,3,2,2.99
358,4,2,0.99
360,1,2,0.99
361,15,2,2.99
362,10,2,2.99
363,12,2,0.99
364,13,2,2.99
365,5,2,4.99
367,14,2,0.99
369,14,2,4.99
370,3,2,2.99
371,1,2,4.99
372,15,2,4.99
373,3,2,2.99
374,14,2,0.99
376,9,2,0.99
377,8,2,0.99
378,12,2,2.99
379,7,2,0.99
380,9,2,2.99
381,10,2,4.99
382,10,2,0.99
385,5,2,4.99
387,10,2,0.99
389,15,2,2.99
390,14,2,4.99
391,8,2,2.99
392,3,2,4.99
393,6,2,2.99
395,1,2,0.99
396,7,2,4.99
397,14,2,2.99
398,12,2,4.99
399,9,2,2.99
400,6,2,2.99
402,2,2,0.99
403,7,2,4.99
405,16,2,4.99
408,10,2,4.99
409,3,2,4.99
410,5,2,2.99
411,12,2,4.99
412,6,2,4.99
414,9,2,2.99
415,11,2,2.99
416,9,2,0.99
417,1,2,0.99
418,7,2,0.99
420,15,2,4.99
422,14,2,4.99
423,3,2,0.99
424,3,2,0.99
425,4,2,0.99
427,6,2,0.99
428,8,2,2.99
429,15,2,0.99
430,2,2,0.99
432,4,2,2.99
434,16,2,0.99
435,9,2,4.99
436,13,2,0.99
437,8,2,2.99
439,7,2,4.99
441,6,2,2.99
442,8,2,2.99
443,5,2,2.99
444,5,2,4.99
445,4,2,2.99
446,15,2,4.99
447,10,2,2.99
448,13,2,2.99
449,14,2,2.99
450,3,2,2.99
451,16,2,4.99
452,9,2,0.99
456,2,2,4.99
457,6,2,0.99
459,9,2,4.99
460,9,2,4.99
461,2,2,0.99
462,12,2,2.99
463,15,2,2.99
464,2,2,2.99
465,13,2,4.99
466,6,2,4.99
467,9,2,0.99
468,3,2,2.99
469,4,2,4.99
471,4,2,2.99
472,16,2,4.99
473,7,2,2.99
474,15,2,2.99
475,11,2,0.99
476,8,2,2.99
477,12,2,0.99
479,8,2,0.99
480,4,2,2.99
482,4,2,0.99
483,10,2,2.99
484,4,2,2.99
486,9,2,4.99
487,4,2,4.99
488,15,2,0.99
489,2,2,0.99
491,3,2,0.99
492,13,2,0.99
493,9,2,0.99
494,11,2,0.99
498,8,2,2.99
499,8,2,4.99
500,9,2,4.99
501,1,2,4.99
503,15,2,2.99
504,7,2,0.99
505,3,2,2.99
509,3,2,0.99
510,2,2,4.99
511,1,2,0.99
512,4,2,4.99
514,7,2,2.99
515,3,2,4.99
517,15,2,0.99
518,16,2,4.99
520,14,2,2.99
521,7,2,4.99
522,5,2,2.99
524,5,2,0.99
525,4,2,0.99
526,16,2,2.99
528,8,2,2.99
529,5,2,2.99
530,1,2,2.99
531,9,2,0.99
532,15,2,4.99
533,9,2,2.99
534,8,2,0.99
535,11,2,0.99
536,4,2,2.99
537,4,2,2.99
538,13,2,0.99
540,12,2,2.99
542,1,2,2.99
544,6,2,2.99
545,9,2,0.99
547,3,2,0.99
549,1,2,0.99
550,8,2,2.99
551,13,2,4.99
552,6,2,0.99
553,3,2,0.99
554,4,2,2.99
555,5,2,0.99
556,10,2,4.99
557,8,2,2.99
559,14,2,2.99
560,10,2,0.99
561,13,2,2.99
562,12,2,0.99
565,9,2,4.99
567,9,2,2.99
568,5,2,4.99
570,15,2,4.99
572,14,2,2.99
573,3,2,2.99
574,1,2,0.99
575,6,2,4.99
577,15,2,0.99
578,4,2,4.99
579,1,2,4.99
580,13,2,4.99
581,12,2,0.99
582,2,2,2.99
583,2,2,4.99
585,7,2,0.99
586,1,2,0.99
587,6,2,4.99
588,3,2,4.99
589,6,2,0.99
590,13,2,2.99
592,12,2,2.99
593,11,2,0.99
594,1,2,0.99
595,9,2,0.99
596,10,2,4.99
598,15,2,0.99
599,15,2,0.99
600,11,2,0.99
601,16,2,0.99
602,14,2,0.99
603,8,2,4.99
604,5,2,0.99
605,9,2,2.99
606,15,2,0.99
608,3,2,2.99
609,16,2,2.99
610,8,2,0.99
611,4,2,4.99
612,15,2,2.99
614,10,2,4.99
616,6,2,2.99
617,8,2,0.99
618,7,2,0.99
619,15,2,0.99
620,14,2,2.99
621,8,2,2.99
622,6,2,0.99
623,9,2,0.99
624,10,2,4.99
625,14,2,0.99
626,3,2,2.99
627,6,2,4.99
631,15,2,0.99
632,13,2,4.99
634,8,2,0.99
636,12,2,0.99
637,14,2,4.99
638,5,2,2.99
639,8,2,4.99
641,9,2,0.99
643,7,2,2.99
644,2,2,2.99
645,16,2,2.99
646,10,2,0.99
647,12,2,0.99
648,16,2,4.99
649,2,2,2.99
650,6,2,0.99
651,2,2,0.99
653,11,2,4.99
656,16,2,0.99
658,11,2,2.99
661,9,2,4.99
663,4,2,0.99
664,1,2,2.99
665,11,2,2.99
666,7,2,4.99
667,15,2,2.99
668,15,2,4.99
670,6,2,4.99
672,5,2,2.99
673,12,2,0.99
674,9,2,0.99
676,15,2,4.99
677,13,2,0.99
678,15,2,2.99
679,8,2,2.99
681,15,2,0.99
683,7,2,4.99
684,10,2,2.99
685,13,2,4.99
687,6,2,0.99
688,3,2,0.99
689,9,2,2.99
690,2,2,2.99
691,15,2,4.99
692,2,2,2.99
693,2,2,2.99
694,4,2,4.99
696,2,2,0.99
697,1,2,0.99
700,8,2,2.99
702,11,2,2.99
704,5,2,2.99
706,7,2,4.99
707,1,2,2.99
708,6,2,4.99
709,7,2,2.99
710,8,2,4.99
711,14,2,4.99
714,14,2,2.99
715,8,2,4.99
716,11,2,2.99
717,1,2,0.99
718,12,2,0.99
720,13,2,2.99
722,11,2,0.99
723,14,2,2.99
724,8,2,2.99
726,9,2,2.99
727,8,2,0.99
728,7,2,0.99
729,15,2,2.99
730,13,2,0.99
732,1,2,0.99
733,15,2,0.99
734,6,2,4.99
735,3,2,2.99
737,11,2,0.99
738,9,2,0.99
739,7,2,4.99
741,12,2,0.99
743,2,2,0.99
744,4,2,0.99
745,15,2,4.99
746,10,2,0.99
747,10,2,0.99
748,1,2,0.99
749,11,2,4.99
753,8,2,0.99
754,5,2,2.99
755,3,2,4.99
757,6,2,2.99
758,7,2,2.99
759,13,2,2.99
760,13,2,2.99
761,3,2,2.99
763,15,2,4.99
764,15,2,4.99
765,5,2,4.99
767,12,2,4.99
768,3,2,4.99
770,9,2,2.99
771,7,2,4.99
772,7,2,2.99
774,5,2,2.99
775,7,2,4.99
777,15,2,4.99
780,8,2,4.99
782,15,2,2.99
784,16,2,2.99
785,16,2,4.99
786,3,2,0.99
787,16,2,0.99
788,6,2,2.99
789,9,2,2.99
790,7,2,0.99
791,6,2,4.99
792,9,2,2.99
793,1,2,2.99
795,8,2,0.99
796,15,2,0.99
799,11,2,0.99
800,11,2,2.99
803,7,2,4.99
804,11,2,4.99
805,2,2,4.99
806,13,2,2.99
808,4,2,0.99
809,15,2,0.99
810,8,2,0.99
811,16,2,2.99
812,6,2,0.99
814,5,2,4.99
815,4,2,2.99
816,2,2,0.99
817,14,2,4.99
818,7,2,4.99
820,2,2,2.99
821,9,2,0.99
823,1,2,2.99
824,8,2,4.99
825,1,2,2.99
826,16,2,4.99
827,7,2,4.99
828,4,2,2.99
829,8,2,2.99
830,11,2,0.99
833,3,2,0.99
834,6,2,0.99
835,10,2,2.99
836,15,2,2.99
839,14,2,0.99
840,10,2,0.99
841,15,2,2.99
842,10,2,2.99
843,4,2,4.99
846,13,2,4.99
847,13,2,2.99
848,16,2,0.99
849,2,2,0.99
850,1,2,0.99
852,3,2,0.99
853,3,2,4.99
854,11,2,4.99
855,6,2,0.99
856,11,2,4.99
857,5,2,2.99
858,5,2,4.99
859,2,2,4.99
861,10,2,4.99
862,4,2,0.99
863,14,2,0.99
864,3,2,0.99
865,2,2,4.99
866,8,2,0.99
868,16,2,0.99
869,1,2,2.99
870,11,2,0.99
872,16,2,2.99
873,3,2,0.99
875,15,2,0.99
876,11,2,2.99
877,12,2,0.99
878,16,2,4.99
879,12,2,4.99
880,2,2,2.99
881,11,2,4.99
884,12,2,4.99
885,11,2,0.99
887,2,2,4.99
888,6,2,4.99
889,3,2,4.99
890,15,2,0.99
891,4,2,0.99
892,2,2,4.99
893,14,2,4.99
894,16,2,0.99
895,4,2,2.99
896,3,2,0.99
897,7,2,4.99
898,15,2,4.99
900,9,2,2.99
901,2,2,0.99
902,15,2,4.99
903,16,2,4.99
905,5,2,4.99
906,5,2,0.99
907,7,2,0.99
908,9,2,4.99
910,7,2,0.99
911,1,2,4.99
912,14,2,2.99
913,13,2,0.99
914,16,2,2.99
915,1,2,4.99
916,2,2,2.99
917,15,2,2.99
918,3,2,4.99
920,13,2,0.99
921,12,2,2.99
922,11,2,4.99
923,7,2,2.99
924,14,2,0.99
925,6,2,0.99
926,6,2,2.99
927,1,2,2.99
928,3,2,2.99
929,9,2,4.99
930,14,2,2.99
934,10,2,4.99
936,12,2,2.99
937,13,2,2.99
938,5,2,4.99
939,5,2,2.99
940,15,2,0.99
941,10,2,4.99
942,7,2,0.99
945,6,2,0.99
946,8,2,4.99
947,9,2,0.99
951,4,2,0.99
953,2,2,0.99
957,9,2,4.99
958,7,2,2.99
961,9,2,4.99
962,4,2,2.99
964,1,2,4.99
965,11,2,0.99
966,6,2,0.99
968,1,2,4.99
969,7,2,4.99
970,4,2,0.99
971,9,2,4.99
972,14,2,4.99
973,6,2,4.99
975,8,2,2.99
976,10,2,0.99
977,16,2,2.99
979,7,2,4.99
981,16,2,0.99
982,1,2,0.99
983,12,2,2.99
985,14,2,4.99
986,2,2,2.99
990,11,2,0.99
991,1,2,2.99
993,3,2,2.99
995,11,2,4.99
997,12,2,0.99
999,3,2,2.99
1000,5,2,4.99
1,6,3,0.99
2,11,3,4.99
3,6,3,2.99
4,11,3,2.99
6,9,3,3.99
7,5,3,4.99
8,11,3,4.99
9,11,3,2.99
10,15,3,4.99
11,9,3,0.99
12,12,3,0.99
13,11,3,4.99
15,9,3,2.99
16,9,3,2.99
17,12,3,1.99
18,2,3,0.99
19,1,3,0.99
21,1,3,4.99
22,13,3,2.99
23,2,3,1.6566666666666667
25,13,3,3.49
26,14,3,0.99
27,15,3,0.99
28,5,3,4.99
29,1,3,2.99
30,11,3,2.99
31,8,3,4.99
32,13,3,4.99
35,11,3,2.99
39,14,3,0.99
40,6,3,0.99
42,15,3,2.99
43,8,3,2.99
44,14,3,4.99
46,10,3,5.99
47,9,3,4.99
49,14,3,2.99
50,8,3,3.99
51,12,3,2.99
53,8,3,2.99
54,12,3,0.99
55,14,3,2.99
56,1,3,2.99
57,16,3,2.99
58,6,3,2.99
60,4,3,4.99
61,7,3,4.99
64,7,3,0.99
65,11,3,4.99
66,3,3,0.99
67,1,3,2.99
68,3,3,4.99
69,14,3,3.49
71,8,3,5.99
72,6,3,2.99
73,14,3,2.99
74,12,3,4.99
75,16,3,4.99
76,12,3,0.99
77,13,3,4.99
79,7,3,0.99
80,8,3,2.99
81,14,3,4.99
83,8,3,2.99
84,16,3,4.99
85,6,3,0.99
86,12,3,4.99
89,2,3,0.99
90,13,3,1.49
91,4,3,0.99
92,11,3,4.99
93,13,3,4.99
94,8,3,2.99
96,13,3,2.99
97,1,3,0.99
98,7,3,4.99
99,5,3,2.99
100,9,3,4.99
101,6,3,1.6566666666666667
103,16,3,4.99
104,9,3,2.99
105,1,3,0.99
106,10,3,2.99
107,7,3,2.99
109,13,3,1.24
110,3,3,0.99
111,1,3,0.99
112,9,3,4.99
113,15,3,4.99
114,14,3,1.99
116,4,3,2.99
117,10,3,4.99
118,2,3,0.99
119,5,3,0.99
120,15,3,5.99
121,2,3,2.99
122,11,3,0.99
123,16,3,4.99
124,3,3,4.99
126,1,3,4.99
127,5,3,4.99
130,1,3,0.99
131,4,3,4.99
132,14,3,0.99
135,15,3,3.49
137,14,3,2.99
138,14,3,2.99
139,8,3,4.99
140,14,3,0.99
141,10,3,4.99
142,6,3,1.99
143,7,3,0.99
145,8,3,4.99
147,8,3,0.99
152,3,3,2.99
153,14,3,0.99
154,2,3,2.99
155,13,3,0.99
157,3,3,0.99
158,12,3,2.99
159,5,3,4.99
161,12,3,4.99
162,1,3,2.99
163,13,3,0.99
164,6,3,0.99
165,14,3,4.99
166,4,3,2.99
167,16,3,4.99
169,16,3,2.99
172,7,3,4.99
174,12,3,4.99
175,8,3,3.49
176,15,3,0.99
178,5,3,0.99
179,7,3,4.99
180,4,3,2.99
181,16,3,2.99
183,8,3,4.99
186,7,3,0.99
187,15,3,2.99
188,5,3,2.99
189,10,3,0.99
191,3,3,0.99
194,1,3,0.99
197,15,3,2.99
200,10,3,0.99
201,9,3,2.99
202,5,3,4.99
203,14,3,4.99
204,7,3,0.99
206,6,3,0.99
207,9,3,4.99
208,2,3,2.99
210,1,3,5.99
212,1,3,4.99
213,8,3,0.99
214,3,3,4.99
215,10,3,4.99
216,13,3,4.99
218,7,3,0.99
219,6,3,4.99
220,12,3,2.99
222,11,3,4.99
226,13,3,4.99
228,4,3,0.99
231,8,3,2.99
233,16,3,1.32333333333333333333
234,14,3,2.99
235,14,3,2.99
236,10,3,2.99
239,2,3,4.99
240,14,3,2.99
241,2,3,0.99
242,5,3,0.99
243,2,3,5.24
244,12,3,4.99
245,2,3,0.99
247,5,3,1.24
248,6,3,4.99
249,4,3,0.99
250,1,3,0.99
253,1,3,4.99
254,15,3,2.99
255,12,3,4.99
256,15,3,4.99
258,11,3,0.99
259,2,3,2.99
260,15,3,5.49
263,15,3,4.99
264,10,3,2.99
265,5,3,4.99
266,4,3,0.99
267,13,3,4.99
268,2,3,4.99
269,8,3,0.99
270,13,3,0.99
271,1,3,4.99
272,7,3,4.99
273,8,3,0.99
274,6,3,2.99
275,11,3,0.99
276,5,3,4.99
277,11,3,4.99
278,12,3,4.99
279,15,3,4.99
281,10,3,0.99
282,7,3,0.99
283,13,3,0.99
284,12,3,4.99
285,14,3,1.99
286,16,3,2.99
288,16,3,2.99
290,9,3,0.99
292,1,3,1.99
293,15,3,2.99
294,16,3,4.99
295,6,3,1.6566666666666667
296,14,3,2.99
300,2,3,4.99
301,11,3,0.99
302,10,3,2.99
303,1,3,0.99
304,3,3,3.49
305,13,3,2.99
306,10,3,1.32333333333333333333
307,16,3,4.99
308,5,3,2.99
310,10,3,4.99
313,11,3,4.99
314,2,3,1.99
315,8,3,0.99
316,10,3,4.99
317,5,3,0.99
319,14,3,2.99
320,13,3,4.99
321,13,3,5.49
322,15,3,2.99
324,5,3,5.99
327,1,3,5.99
329,1,3,2.99
331,10,3,2.99
333,12,3,2.99
334,11,3,4.99
335,5,3,0.99
336,6,3,4.99
338,14,3,4.99
339,16,3,0.99
341,4,3,0.99
342,16,3,4.99
343,3,3,2.99
344,3,3,1.99
345,8,3,1.49
346,4,3,4.99
347,16,3,4.99
348,8,3,0.99
349,2,3,2.99
350,14,3,5.49
351,11,3,2.99
353,9,3,2.99
354,3,3,4.99
355,2,3,0.99
356,3,3,2.99
357,4,3,0.99
360,1,3,0.99
361,15,3,2.99
362,10,3,2.99
363,12,3,0.99
364,13,3,2.99
365,5,3,4.99
366,7,3,1.49
367,14,3,0.99
368,7,3,2.99
369,14,3,4.99
370,3,3,2.99
371,1,3,4.99
372,15,3,4.99
373,3,3,2.99
375,1,3,2.99
376,9,3,0.99
377,8,3,0.99
378,12,3,2.99
379,7,3,0.99
380,9,3,2.99
381,10,3,4.99
382,10,3,1.49
384,12,3,4.99
385,5,3,4.99
387,10,3,0.99
388,5,3,0.99
389,15,3,3.49
390,14,3,4.99
391,8,3,2.99
392,3,3,4.99
393,6,3,2.99
394,14,3,2.99
395,1,3,0.99
396,7,3,4.99
397,14,3,2.99
398,12,3,4.99
401,7,3,0.99
403,7,3,4.99
405,16,3,4.99
406,10,3,0.99
407,6,3,0.99
409,3,3,5.6566666666666667
410,5,3,2.99
412,6,3,4.99
413,5,3,2.99
414,9,3,3.99
415,11,3,3.49
417,1,3,0.99
418,7,3,0.99
420,15,3,4.99
422,14,3,4.99
423,3,3,0.99
424,3,3,0.99
426,12,3,4.99
427,6,3,0.99
428,8,3,2.99
429,15,3,0.99
430,2,3,0.99
431,9,3,3.99
432,4,3,2.99
433,2,3,2.99
434,16,3,1.32333333333333333333
436,13,3,0.99
437,8,3,2.99
438,10,3,3.99
439,7,3,4.99
442,8,3,2.99
443,5,3,2.99
445,4,3,2.99
446,15,3,4.99
447,10,3,2.99
449,14,3,2.99
450,3,3,2.99
452,9,3,0.99
453,15,3,3.99
454,12,3,0.99
455,9,3,4.99
456,2,3,4.99
457,6,3,0.99
458,8,3,0.99
460,9,3,5.99
461,2,3,1.49
462,12,3,2.99
463,15,3,2.99
465,13,3,4.99
467,9,3,0.99
468,3,3,2.99
469,4,3,4.99
470,2,3,4.99
472,16,3,5.99
474,15,3,2.99
475,11,3,0.99
476,8,3,2.99
477,12,3,0.99
478,5,3,2.99
479,8,3,0.99
481,13,3,2.99
482,4,3,0.99
484,4,3,3.99
486,9,3,4.99
488,15,3,0.99
489,2,3,0.99
490,13,3,2.99
491,3,3,0.99
493,9,3,0.99
494,11,3,0.99
496,16,3,1.6566666666666667
500,9,3,4.99
501,1,3,4.99
502,5,3,2.99
503,15,3,3.99
504,7,3,0.99
505,3,3,2.99
506,11,3,4.99
507,10,3,0.99
508,10,3,4.99
509,3,3,0.99
510,2,3,4.99
512,4,3,4.99
514,7,3,2.99
515,3,3,4.99
517,15,3,1.99
518,16,3,4.99
519,15,3,2.99
521,7,3,4.99
523,4,3,0.99
524,5,3,0.99
525,4,3,0.99
526,16,3,2.99
527,11,3,4.99
528,8,3,2.99
529,5,3,3.49
531,9,3,1.6566666666666667
532,15,3,4.99
534,8,3,0.99
536,4,3,3.6566666666666667
538,13,3,0.99
539,7,3,2.99
540,12,3,2.99
542,1,3,3.99
543,16,3,4.99
544,6,3,2.99
545,9,3,0.99
546,10,3,2.99
547,3,3,0.99
549,1,3,0.99
551,13,3,5.3233333333333333
552,6,3,0.99
554,4,3,2.99
555,5,3,0.99
557,8,3,2.99
559,14,3,2.99
560,10,3,0.99
561,13,3,2.99
562,12,3,0.99
563,10,3,4.99
564,2,3,2.99
565,9,3,4.99
567,9,3,2.99
568,5,3,4.99
570,15,3,4.99
571,6,3,2.99
572,14,3,2.99
573,3,3,2.99
574,1,3,1.49
575,6,3,5.99
576,6,3,2.99
578,4,3,4.99
580,13,3,4.99
581,12,3,0.99
582,2,3,3.49
583,2,3,4.99
584,9,3,2.99
585,7,3,0.99
586,1,3,0.99
587,6,3,4.99
588,3,3,4.99
589,6,3,1.99
590,13,3,3.49
591,10,3,4.99
593,11,3,0.99
595,9,3,0.99
596,10,3,4.99
597,10,3,4.99
598,15,3,0.99
600,11,3,0.99
601,16,3,0.99
602,14,3,0.99
603,8,3,4.99
604,5,3,0.99
605,9,3,2.99
608,3,3,2.99
609,16,3,2.99
610,8,3,0.99
612,15,3,2.99
614,10,3,4.99
615,2,3,2.99
616,6,3,2.99
617,8,3,0.99
618,7,3,1.59
619,15,3,1.99
620,14,3,2.99
621,8,3,2.99
623,9,3,0.99
624,10,3,5.99
625,14,3,1.49
627,6,3,4.99
628,15,3,2.99
630,7,3,0.99
631,15,3,0.99
633,4,3,4.99
635,13,3,0.99
636,12,3,0.99
637,14,3,4.99
638,5,3,2.99
639,8,3,4.99
641,9,3,0.99
643,7,3,3.49
644,2,3,2.99
645,16,3,2.99
647,12,3,0.99
648,16,3,4.99
649,2,3,2.99
650,6,3,1.49
651,2,3,1.49
652,4,3,1.79
653,11,3,5.49
654,10,3,4.99
655,14,3,4.99
657,5,3,2.99
658,11,3,2.99
661,9,3,4.99
662,7,3,4.99
663,4,3,0.99
665,11,3,2.99
666,7,3,4.99
667,15,3,2.99
668,15,3,4.99
670,6,3,4.99
672,5,3,2.99
673,12,3,0.99
676,15,3,4.99
677,13,3,0.99
679,8,3,2.99
680,5,3,4.99
681,15,3,0.99
683,7,3,4.99
684,10,3,2.99
685,13,3,4.99
686,13,3,4.99
687,6,3,0.99
688,3,3,0.99
689,9,3,2.99
690,2,3,2.99
692,2,3,3.99
695,8,3,4.99
696,2,3,0.99
697,1,3,0.99
698,6,3,3.3233333333333333
699,10,3,4.99
702,11,3,2.99
703,2,3,4.99
704,5,3,3.99
705,9,3,2.99
706,7,3,4.99
707,1,3,2.99
708,6,3,4.99
710,8,3,4.99
715,8,3,5.3233333333333333
716,11,3,2.99
717,1,3,0.99
718,12,3,0.99
719,15,3,4.99
720,13,3,3.99
721,12,3,4.99
723,14,3,3.24
724,8,3,2.99
725,4,3,4.99
726,9,3,2.99
727,8,3,0.99
728,7,3,0.99
729,15,3,2.99
730,13,3,1.99
731,4,3,4.99
733,15,3,0.99
734,6,3,4.99
735,3,3,2.99
737,11,3,0.99
738,9,3,1.3233333333333333
739,7,3,4.99
740,11,3,2.99
741,12,3,0.99
743,2,3,0.99
744,4,3,0.99
747,10,3,0.99
748,1,3,0.99
750,13,3,0.99
751,13,3,0.99
753,8,3,1.59
754,5,3,2.99
755,3,3,4.99
756,5,3,2.99
757,6,3,2.99
758,7,3,2.99
760,13,3,2.99
761,3,3,2.99
762,10,3,0.99
763,15,3,5.99
764,15,3,4.99
767,12,3,4.99
768,3,3,4.99
769,9,3,4.99
771,7,3,5.99
772,7,3,2.99
774,5,3,2.99
776,6,3,4.99
778,8,3,5.49
781,10,3,4.99
783,16,3,2.99
784,16,3,2.99
785,16,3,4.99
786,3,3,0.99
788,6,3,2.99
789,9,3,2.99
790,7,3,0.99
791,6,3,5.49
792,9,3,2.99
793,1,3,2.99
794,1,3,0.99
795,8,3,0.99
796,15,3,1.99
797,12,3,0.99
798,14,3,4.99
800,11,3,2.99
803,7,3,4.99
804,11,3,4.99
806,13,3,2.99
808,4,3,0.99
809,15,3,0.99
810,8,3,0.99
811,16,3,2.99
812,6,3,0.99
813,15,3,0.99
814,5,3,4.99
816,2,3,1.32333333333333333333
818,7,3,4.99
820,2,3,3.6566666666666667
822,8,3,0.99
824,8,3,4.99
826,16,3,4.99
827,7,3,4.99
828,4,3,2.99
830,11,3,0.99
831,14,3,0.99
832,8,3,0.99
833,3,3,0.99
834,6,3,0.99
835,10,3,2.99
837,5,3,2.99
838,1,3,4.99
840,10,3,0.99
841,15,3,2.99
843,4,3,4.99
844,15,3,4.99
845,9,3,4.99
846,13,3,4.99
847,13,3,2.99
848,16,3,0.99
849,2,3,0.99
850,1,3,0.99
851,15,3,0.99
852,3,3,0.99
854,11,3,4.99
855,6,3,0.99
856,11,3,4.99
857,5,3,2.99
858,5,3,4.99
859,2,3,5.99
861,10,3,5.49
862,4,3,0.99
863,14,3,0.99
864,3,3,0.99
865,2,3,5.49
866,8,3,0.99
867,8,3,4.99
868,16,3,0.99
869,1,3,2.99
870,11,3,0.99
872,16,3,2.99
873,3,3,1.39
875,15,3,0.99
876,11,3,3.99
877,12,3,0.99
878,16,3,5.99
879,12,3,5.6566666666666667
880,2,3,2.99
881,11,3,4.99
882,7,3,0.99
886,2,3,0.99
887,2,3,4.99
888,6,3,4.99
889,3,3,4.99
890,15,3,0.99
891,4,3,1.32333333333333333333
893,14,3,4.99
895,4,3,3.6566666666666667
898,15,3,4.99
900,9,3,2.99
901,2,3,1.19
902,15,3,4.99
903,16,3,4.99
904,11,3,4.99
905,5,3,4.99
906,5,3,0.99
907,7,3,0.99
908,9,3,4.99
911,1,3,4.99
912,14,3,2.99
913,13,3,0.99
915,1,3,4.99
917,15,3,3.99
920,13,3,0.99
922,11,3,4.99
923,7,3,2.99
924,14,3,0.99
926,6,3,2.99
927,1,3,2.99
928,3,3,2.99
930,14,3,2.99
931,16,3,0.99
932,5,3,1.99
934,10,3,4.99
935,13,3,0.99
936,12,3,3.99
937,13,3,2.99
938,5,3,4.99
939,5,3,2.99
941,10,3,4.99
944,7,3,4.99
945,6,3,0.99
946,8,3,5.6566666666666667
948,13,3,0.99
949,10,3,0.99
951,4,3,0.99
952,6,3,2.99
956,10,3,4.99
958,7,3,2.99
960,6,3,2.99
961,9,3,4.99
962,4,3,2.99
963,2,3,0.99
964,1,3,4.99
966,6,3,1.6566666666666667
967,14,3,2.99
968,1,3,4.99
969,7,3,4.99
970,4,3,0.99
972,14,3,4.99
973,6,3,5.74
975,8,3,2.99
976,10,3,0.99
978,5,3,1.49
979,7,3,4.99
980,12,3,4.99
981,16,3,0.99
982,1,3,0.99
984,9,3,2.99
985,14,3,4.99
986,2,3,2.99
988,16,3,2.99
989,16,3,4.99
991,1,3,2.99
992,6,3,0.99
993,3,3,2.99
994,13,3,4.99
995,11,3,4.99
996,6,3,0.99
997,12,3,0.99
998,11,3,0.99
1000,5,3,5.24
1,6,4,0.99
4,11,4,2.99
6,9,4,4.99
7,5,4,4.99
9,11,4,4.99
10,15,4,4.99
11,9,4,0.99
12,12,4,0.99
13,11,4,5.99
15,9,4,2.99
16,9,4,2.99
17,12,4,2.99
18,2,4,0.99
20,12,4,5.99
21,1,4,5.99
22,13,4,2.99
23,2,4,1.99
24,11,4,2.99
25,13,4,3.99
26,14,4,2.3233333333333333
27,15,4,0.99
28,5,4,4.99
29,1,4,2.99
30,11,4,3.99
31,8,4,4.99
32,13,4,4.99
34,11,4,0.99
35,11,4,3.99
37,4,4,4.74
39,14,4,0.99
40,6,4,0.99
43,8,4,2.99
44,14,4,4.99
45,13,4,4.99
46,10,4,6.99
47,9,4,4.99
48,3,4,5.99
49,14,4,2.99
50,8,4,4.99
51,12,4,2.99
53,8,4,2.99
55,14,4,2.99
56,1,4,2.99
57,16,4,3.59
59,3,4,3.39
60,4,4,5.99
61,7,4,4.99
62,6,4,2.99
63,8,4,0.99
65,11,4,6.99
66,3,4,0.99
67,1,4,2.99
68,3,4,4.99
69,14,4,4.3233333333333333
70,2,4,4.99
71,8,4,6.99
72,6,4,2.99
73,14,4,2.99
74,12,4,5.49
75,16,4,4.99
76,12,4,1.49
77,13,4,4.99
78,2,4,2.99
79,7,4,0.99
80,8,4,2.99
81,14,4,4.99
82,8,4,1.99
83,8,4,2.99
84,16,4,4.99
85,6,4,0.99
86,12,4,4.99
88,16,4,4.99
89,2,4,0.99
90,13,4,1.99
91,4,4,0.99
92,11,4,4.99
93,13,4,4.99
94,8,4,2.99
95,13,4,4.99
97,1,4,0.99
98,7,4,4.99
99,5,4,2.99
100,9,4,4.99
101,6,4,2.49
102,15,4,5.49
103,16,4,4.99
109,13,4,2.99
110,3,4,1.49
111,1,4,2.99
112,9,4,4.99
114,14,4,2.74
115,1,4,2.99
116,4,4,3.99
117,10,4,4.99
118,2,4,0.99
119,5,4,0.99
121,2,4,2.99
123,16,4,4.99
124,3,4,6.99
127,5,4,4.99
129,6,4,4.99
130,1,4,0.99
131,4,4,4.99
132,14,4,0.99
133,12,4,4.99
135,15,4,4.6566666666666667
137,14,4,4.49
138,14,4,2.99
140,14,4,0.99
142,6,4,2.99
143,7,4,0.99
145,8,4,4.99
146,7,4,2.99
149,3,4,0.99
150,6,4,2.99
151,14,4,4.99
152,3,4,2.99
154,2,4,2.99
155,13,4,0.99
156,6,4,6.49
157,3,4,0.99
158,12,4,2.99
159,5,4,4.99
160,2,4,1.6566666666666667
162,1,4,3.3233333333333333
164,6,4,1.99
165,14,4,4.99
166,4,4,2.99
167,16,4,4.99
169,16,4,3.99
170,9,4,4.99
172,7,4,4.99
174,12,4,4.99
175,8,4,3.99
176,15,4,0.99
177,14,4,5.6566666666666667
179,7,4,5.49
180,4,4,2.99
181,16,4,2.99
183,8,4,5.99
184,4,4,4.99
185,9,4,4.99
186,7,4,0.99
187,15,4,2.99
189,10,4,2.6566666666666667
191,3,4,0.99
193,2,4,2.99
194,1,4,0.99
196,4,4,0.99
199,6,4,2.99
200,10,4,0.99
201,9,4,2.99
203,14,4,4.99
204,7,4,1.49
205,1,4,1.99
206,6,4,0.99
207,9,4,4.99
208,2,4,2.99
209,7,4,2.99
210,1,4,5.99
212,1,4,4.99
214,3,4,6.99
215,10,4,4.99
218,7,4,0.99
219,6,4,4.99
220,12,4,2.99
222,11,4,5.99
223,2,4,2.99
224,16,4,4.99
226,13,4,4.99
227,10,4,5.49
228,4,4,1.49
229,1,4,4.99
230,7,4,2.99
231,8,4,2.99
232,10,4,2.99
233,16,4,1.99
234,14,4,2.99
235,14,4,2.99
236,10,4,2.99
237,15,4,3.99
239,2,4,4.99
240,14,4,2.99
241,2,4,0.99
242,5,4,1.32333333333333333333
243,2,4,6.49
244,12,4,4.99
245,2,4,0.99
246,9,4,4.99
247,5,4,1.99
249,4,4,0.99
250,1,4,0.99
252,1,4,2.99
253,1,4,4.99
254,15,4,3.99
255,12,4,4.99
257,16,4,2.49
258,11,4,0.99
259,2,4,3.99
260,15,4,6.99
261,6,4,0.99
263,15,4,4.99
265,5,4,4.99
266,4,4,1.49
267,13,4,5.49
268,2,4,4.99
269,8,4,2.74
270,13,4,0.99
274,6,4,3.49
275,11,4,2.49
276,5,4,4.99
278,12,4,5.49
279,15,4,4.99
280,3,4,0.99
282,7,4,0.99
283,13,4,0.99
284,12,4,4.99
285,14,4,2.39
286,16,4,2.99
287,1,4,0.99
288,16,4,2.99
289,13,4,4.99
290,9,4,1.99
291,15,4,0.99
292,1,4,2.6566666666666667
293,15,4,2.99
294,16,4,4.99
295,6,4,2.49
296,14,4,2.99
297,4,4,2.99
298,14,4,3.49
299,16,4,0.99
300,2,4,4.99
301,11,4,1.49
302,10,4,2.99
303,1,4,0.99
305,13,4,2.99
306,10,4,2.99
307,16,4,4.99
308,5,4,4.6566666666666667
309,8,4,0.99
311,9,4,0.99
312,14,4,4.99
314,2,4,1.99
315,8,4,0.99
316,10,4,4.99
319,14,4,3.6566666666666667
320,13,4,4.99
321,13,4,6.49
322,15,4,2.99
324,5,4,5.99
326,2,4,2.99
327,1,4,6.99
328,3,4,2.99
329,1,4,3.99
330,2,4,4.99
331,10,4,2.99
333,12,4,2.99
334,11,4,4.99
336,6,4,4.99
337,9,4,2.99
339,16,4,0.99
340,13,4,4.99
341,4,4,0.99
342,16,4,4.99
343,3,4,2.99
345,8,4,2.49
346,4,4,5.99
347,16,4,4.99
348,8,4,0.99
349,2,4,2.99
350,14,4,5.99
351,11,4,2.99
352,10,4,1.74
353,9,4,2.99
356,3,4,2.99
357,4,4,0.99
358,4,4,0.99
360,1,4,0.99
361,15,4,2.99
362,10,4,2.99
363,12,4,2.39
364,13,4,4.99
365,5,4,5.49
366,7,4,2.99
367,14,4,0.99
368,7,4,2.99
369,14,4,4.99
370,3,4,2.99
372,15,4,4.99
373,3,4,2.99
374,14,4,2.615
377,8,4,0.99
378,12,4,2.99
379,7,4,0.99
380,9,4,2.99
381,10,4,4.99
382,10,4,1.99
383,15,4,0.99
384,12,4,4.99
387,10,4,0.99
388,5,4,0.99
390,14,4,4.99
391,8,4,2.99
392,3,4,4.99
393,6,4,2.99
395,1,4,1.49
397,14,4,2.99
398,12,4,4.99
399,9,4,2.99
402,2,4,2.99
403,7,4,4.99
406,10,4,0.99
407,6,4,0.99
408,10,4,4.99
409,3,4,6.49
410,5,4,2.99
411,12,4,4.99
412,6,4,4.99
413,5,4,2.99
414,9,4,4.99
415,11,4,4.74
416,9,4,0.99
418,7,4,0.99
420,15,4,4.99
421,9,4,4.99
422,14,4,4.99
423,3,4,0.99
424,3,4,0.99
425,4,4,0.99
426,12,4,4.99
428,8,4,2.99
429,15,4,1.99
430,2,4,0.99
432,4,4,3.49
434,16,4,2.49
435,9,4,4.99
436,13,4,0.99
437,8,4,2.99
438,10,4,4.49
439,7,4,4.99
442,8,4,2.99
443,5,4,2.99
444,5,4,6.99
445,4,4,2.99
447,10,4,2.99
448,13,4,3.99
449,14,4,2.99
450,3,4,2.99
452,9,4,0.99
453,15,4,3.99
455,9,4,4.99
456,2,4,4.99
457,6,4,0.99
458,8,4,0.99
460,9,4,6.3233333333333333
462,12,4,2.99
463,15,4,2.99
464,2,4,4.99
465,13,4,5.99
468,3,4,2.99
469,4,4,4.99
470,2,4,5.99
471,4,4,2.99
476,8,4,2.99
479,8,4,0.99
480,4,4,4.49
482,4,4,2.99
483,10,4,4.49
484,4,4,4.6566666666666667
486,9,4,4.99
488,15,4,1.99
489,2,4,1.99
490,13,4,3.49
491,3,4,1.99
492,13,4,0.99
493,9,4,0.99
494,11,4,1.6566666666666667
496,16,4,1.99
498,8,4,2.99
500,9,4,4.99
501,1,4,6.6566666666666667
502,5,4,3.5614285714285714
504,7,4,0.99
505,3,4,2.99
506,11,4,5.49
508,10,4,4.99
510,2,4,4.99
511,1,4,0.99
512,4,4,4.99
513,16,4,2.99
514,7,4,2.99
515,3,4,4.99
516,12,4,0.99
517,15,4,2.99
518,16,4,4.99
519,15,4,3.99
521,7,4,4.99
522,5,4,3.3233333333333333
524,5,4,0.99
525,4,4,1.79
526,16,4,2.99
527,11,4,5.3233333333333333
528,8,4,3.99
529,5,4,3.99
530,1,4,2.99
531,9,4,2.6566666666666667
532,15,4,4.99
533,9,4,3.99
534,8,4,0.99
536,4,4,4.99
538,13,4,0.99
541,2,4,2.99
542,1,4,4.99
543,16,4,4.99
544,6,4,2.99
545,9,4,1.99
550,8,4,2.99
551,13,4,6.49
552,6,4,0.99
554,4,4,2.99
556,10,4,4.99
557,8,4,2.99
558,13,4,3.99
559,14,4,2.99
560,10,4,0.99
561,13,4,2.99
562,12,4,0.99
563,10,4,4.99
564,2,4,3.99
566,9,4,0.99
567,9,4,4.99
569,2,4,2.99
570,15,4,4.99
571,6,4,2.99
573,3,4,2.99
574,1,4,2.3233333333333333
575,6,4,6.74
576,6,4,2.99
577,15,4,1.99
578,4,4,4.99
579,1,4,6.49
580,13,4,6.99
582,2,4,4.49
583,2,4,6.99
584,9,4,2.99
585,7,4,1.99
586,1,4,0.99
587,6,4,4.99
589,6,4,1.99
590,13,4,4.99
591,10,4,4.99
592,12,4,2.99
595,9,4,0.99
596,10,4,4.99
598,15,4,0.99
599,15,4,2.99
600,11,4,0.99
602,14,4,0.99
603,8,4,4.99
605,9,4,2.99
606,15,4,1.99
608,3,4,2.99
609,16,4,2.99
610,8,4,0.99
611,4,4,4.99
613,5,4,0.99
614,10,4,4.99
616,6,4,2.99
618,7,4,2.99
619,15,4,2.99
621,8,4,2.99
623,9,4,1.8233333333333333
624,10,4,6.39
625,14,4,1.99
626,3,4,2.99
627,6,4,4.99
628,15,4,2.99
629,6,4,0.99
630,7,4,0.99
631,15,4,1.32333333333333333333
632,13,4,4.99
634,8,4,0.99
637,14,4,4.99
638,5,4,2.99
640,9,4,4.99
641,9,4,1.6566666666666667
643,7,4,4.39
644,2,4,2.99
645,16,4,2.99
646,10,4,0.99
647,12,4,1.99
648,16,4,4.99
649,2,4,3.59
650,6,4,2.49
651,2,4,2.49
652,4,4,2.49
654,10,4,4.99
655,14,4,4.99
656,16,4,2.99
657,5,4,2.99
658,11,4,2.99
660,5,4,2.99
661,9,4,4.99
664,1,4,2.99
665,11,4,3.99
666,7,4,5.99
667,15,4,3.99
668,15,4,4.99
670,6,4,5.99
672,5,4,2.99
673,12,4,2.49
674,9,4,2.49
675,13,4,2.99
676,15,4,4.99
677,13,4,0.99
678,15,4,4.99
679,8,4,2.99
680,5,4,5.24
681,15,4,1.32333333333333333333
682,8,4,5.49
683,7,4,4.99
686,13,4,4.99
687,6,4,0.99
688,3,4,0.99
689,9,4,2.99
690,2,4,2.99
691,15,4,4.99
692,2,4,4.49
693,2,4,2.99
694,4,4,4.99
696,2,4,0.99
697,1,4,0.99
698,6,4,4.59
699,10,4,4.99
700,8,4,2.99
702,11,4,3.49
703,2,4,4.99
706,7,4,4.99
707,1,4,2.99
708,6,4,5.99
709,7,4,2.99
710,8,4,5.49
711,14,4,4.99
714,14,4,2.99
716,11,4,2.99
717,1,4,0.99
718,12,4,0.99
720,13,4,3.99
721,12,4,4.99
722,11,4,0.99
723,14,4,4.49
724,8,4,2.99
725,4,4,4.99
727,8,4,0.99
728,7,4,2.6566666666666667
730,13,4,1.99
734,6,4,4.99
735,3,4,2.99
736,8,4,0.99
737,11,4,1.6566666666666667
738,9,4,2.3233333333333333
740,11,4,2.99
743,2,4,0.99
744,4,4,0.99
745,15,4,4.99
746,10,4,2.49
747,10,4,0.99
748,1,4,1.74
749,11,4,4.99
750,13,4,2.99
751,13,4,0.99
753,8,4,2.49
755,3,4,4.99
756,5,4,2.99
757,6,4,3.49
759,13,4,3.3233333333333333
760,13,4,2.99
761,3,4,2.99
762,10,4,0.99
764,15,4,6.49
765,5,4,4.99
767,12,4,4.99
768,3,4,6.59
769,9,4,4.99
770,9,4,2.99
772,7,4,3.49
773,15,4,2.99
775,7,4,5.49
776,6,4,4.99
777,15,4,4.99
778,8,4,6.99
780,8,4,4.99
782,15,4,2.99
783,16,4,2.99
784,16,4,2.99
785,16,4,4.99
786,3,4,0.99
787,16,4,1.99
788,6,4,2.99
789,9,4,2.99
790,7,4,0.99
791,6,4,6.99
793,1,4,2.99
794,1,4,0.99
795,8,4,0.99
796,15,4,2.49
797,12,4,0.99
799,11,4,2.99
800,11,4,2.99
803,7,4,4.99
804,11,4,4.99
805,2,4,4.99
806,13,4,2.99
807,10,4,1.49
809,15,4,0.99
810,8,4,0.99
811,16,4,3.49
812,6,4,0.99
814,5,4,4.99
816,2,4,1.99
817,14,4,4.99
818,7,4,5.49
819,12,4,1.99
820,2,4,4.99
823,1,4,3.99
824,8,4,5.99
825,1,4,2.99
827,7,4,4.99
828,4,4,2.99
829,8,4,2.99
830,11,4,0.99
831,14,4,0.99
832,8,4,0.99
833,3,4,0.99
835,10,4,2.99
837,5,4,3.99
838,1,4,4.99
841,15,4,2.99
843,4,4,5.3233333333333333
844,15,4,4.99
845,9,4,4.99
846,13,4,6.49
848,16,4,1.99
849,2,4,0.99
850,1,4,0.99
851,15,4,2.49
852,3,4,1.49
853,3,4,5.99
854,11,4,4.99
855,6,4,0.99
856,11,4,4.99
857,5,4,4.6566666666666667
859,2,4,5.99
861,10,4,6.49
863,14,4,0.99
864,3,4,0.99
867,8,4,4.99
869,1,4,3.99
870,11,4,1.99
871,5,4,4.99
873,3,4,2.99
875,15,4,0.99
877,12,4,0.99
878,16,4,6.99
879,12,4,5.99
884,12,4,4.99
885,11,4,0.99
886,2,4,0.99
887,2,4,4.99
888,6,4,4.99
889,3,4,6.49
890,15,4,0.99
891,4,4,2.99
892,2,4,6.99
893,14,4,5.99
894,16,4,0.99
895,4,4,3.99
896,3,4,2.3233333333333333
897,7,4,6.99
898,15,4,5.74
899,4,4,0.99
901,2,4,2.59
902,15,4,4.99
903,16,4,4.99
905,5,4,4.99
906,5,4,0.99
907,7,4,1.32333333333333333333
908,9,4,6.99
910,7,4,1.99
911,1,4,4.99
912,14,4,4.6566666666666667
913,13,4,1.99
914,16,4,2.99
915,1,4,4.99
916,2,4,4.99
918,3,4,5.99
919,10,4,5.99
920,13,4,1.99
921,12,4,2.99
922,11,4,4.99
924,14,4,0.99
925,6,4,2.49
928,3,4,2.99
929,9,4,4.99
930,14,4,3.99
931,16,4,0.99
932,5,4,2.49
933,13,4,5.3233333333333333
934,10,4,4.99
936,12,4,3.99
937,13,4,2.99
938,5,4,6.3233333333333333
940,15,4,0.99
941,10,4,5.6566666666666667
942,7,4,0.99
944,7,4,4.99
945,6,4,0.99
946,8,4,6.99
947,9,4,0.99
948,13,4,0.99
949,10,4,0.99
951,4,4,0.99
952,6,4,2.99
953,2,4,2.49
956,10,4,4.99
957,9,4,4.99
958,7,4,2.99
959,3,4,2.99
960,6,4,2.99
961,9,4,4.99
962,4,4,2.99
963,2,4,0.99
966,6,4,2.6566666666666667
967,14,4,2.99
968,1,4,4.99
969,7,4,5.49
970,4,4,0.99
973,6,4,6.99
975,8,4,2.99
976,10,4,0.99
977,16,4,3.99
978,5,4,2.49
979,7,4,4.99
980,12,4,5.49
981,16,4,0.99
984,9,4,4.99
986,2,4,2.99
987,12,4,3.99
988,16,4,2.99
989,16,4,4.99
990,11,4,2.99
991,1,4,2.99
992,6,4,0.99
993,3,4,2.99
995,11,4,4.99
996,6,4,0.99
998,11,4,0.99
999,3,4,2.99
1000,5,4,6.59
1,6,5,0.99
3,6,5,2.99
4,11,5,2.99
6,9,5,5.49
7,5,5,4.99
8,11,5,4.99
10,15,5,4.99
11,9,5,0.99
13,11,5,5.99
15,9,5,3.49
17,12,5,3.99
18,2,5,0.99
19,1,5,0.99
20,12,5,5.99
21,1,5,6.99
22,13,5,2.99
23,2,5,3.39
24,11,5,2.99
26,14,5,2.99
27,15,5,0.99
28,5,5,4.99
29,1,5,3.49
31,8,5,5.79
32,13,5,4.99
34,11,5,0.99
35,11,5,4.3233333333333333
37,4,5,5.6566666666666667
42,15,5,3.49
43,8,5,2.99
44,14,5,5.99
45,13,5,5.99
50,8,5,5.99
51,12,5,3.59
52,9,5,0.99
53,8,5,3.49
54,12,5,0.99
57,16,5,3.99
58,6,5,2.99
59,3,5,4.99
60,4,5,7.99
61,7,5,5.49
62,6,5,3.99
63,8,5,0.99
64,7,5,0.99
65,11,5,6.99
67,1,5,3.24
68,3,5,4.99
69,14,5,5.3233333333333333
71,8,5,7.49
72,6,5,2.99
73,14,5,3.99
74,12,5,6.6566666666666667
75,16,5,4.99
76,12,5,2.6566666666666667
78,2,5,2.99
79,7,5,1.49
80,8,5,2.99
81,14,5,4.99
83,8,5,3.99
84,16,5,4.99
85,6,5,1.99
86,12,5,4.99
89,2,5,0.99
90,13,5,3.49
91,4,5,1.32333333333333333333
92,11,5,4.99
95,13,5,5.99
96,13,5,4.99
97,1,5,0.99
98,7,5,5.99
99,5,5,2.99
100,9,5,4.99
101,6,5,3.99
103,16,5,4.99
105,1,5,0.99
109,13,5,3.59
110,3,5,2.49
111,1,5,3.99
112,9,5,6.99
114,14,5,3.99
115,1,5,3.99
117,10,5,4.99
118,2,5,0.99
119,5,5,0.99
120,15,5,6.99
121,2,5,4.49
122,11,5,0.99
123,16,5,4.99
124,3,5,7.49
125,16,5,3.49
126,1,5,6.99
127,5,5,5.1566666666666667
129,6,5,5.6566666666666667
130,1,5,0.99
132,14,5,0.99
134,2,5,6.99
135,15,5,5.4185714285714286
136,13,5,2.99
137,14,5,5.99
138,14,5,2.99
139,8,5,4.99
140,14,5,0.99
141,10,5,4.99
142,6,5,3.99
143,7,5,0.99
145,8,5,5.3233333333333333
146,7,5,2.99
149,3,5,0.99
150,6,5,2.99
151,14,5,4.99
152,3,5,3.3233333333333333
154,2,5,2.99
156,6,5,6.99
157,3,5,0.99
158,12,5,2.99
159,5,5,5.49
160,2,5,2.99
163,13,5,2.99
164,6,5,2.24
165,14,5,4.99
166,4,5,2.99
167,16,5,4.99
170,9,5,5.49
172,7,5,4.99
173,7,5,4.99
174,12,5,4.99
175,8,5,5.6566666666666667
176,15,5,0.99
177,14,5,6.99
178,5,5,0.99
180,4,5,4.99
181,16,5,2.99
183,8,5,5.99
184,4,5,4.99
186,7,5,0.99
187,15,5,2.99
188,5,5,2.99
189,10,5,3.3233333333333333
190,4,5,4.99
191,3,5,0.99
193,2,5,2.99
194,1,5,0.99
199,6,5,4.24
200,10,5,0.99
201,9,5,2.99
202,5,5,5.49
204,7,5,2.99
205,1,5,3.99
206,6,5,0.99
207,9,5,4.99
208,2,5,2.99
209,7,5,2.99
210,1,5,7.99
211,10,5,4.99
212,1,5,4.99
213,8,5,2.99
216,13,5,7.99
218,7,5,0.99
222,11,5,6.3233333333333333
223,2,5,2.99
224,16,5,4.99
226,13,5,6.99
227,10,5,5.99
228,4,5,2.99
229,1,5,4.99
231,8,5,2.99
234,14,5,2.99
235,14,5,2.99
236,10,5,3.99
237,15,5,5.99
238,3,5,4.99
239,2,5,5.19
241,2,5,2.49
242,5,5,2.99
243,2,5,7.49
244,12,5,4.99
245,2,5,2.99
247,5,5,3.6566666666666667
249,4,5,0.99
250,1,5,1.99
251,13,5,4.99
252,1,5,2.99
253,1,5,4.99
255,12,5,4.99
256,15,5,4.99
257,16,5,3.99
258,11,5,0.99
260,15,5,7.99
263,15,5,4.99
265,5,5,5.3233333333333333
266,4,5,2.49
267,13,5,6.49
269,8,5,3.49
270,13,5,0.99
271,1,5,5.49
272,7,5,5.99
273,8,5,0.99
274,6,5,3.99
275,11,5,3.99
276,5,5,4.99
277,11,5,5.99
279,15,5,4.99
280,3,5,0.99
281,10,5,0.99
282,7,5,1.99
283,13,5,0.99
284,12,5,5.99
285,14,5,3.79
286,16,5,2.99
287,1,5,1.49
288,16,5,2.99
289,13,5,4.99
290,9,5,2.99
295,6,5,3.59
297,4,5,2.99
298,14,5,4.6566666666666667
299,16,5,2.3233333333333333
300,2,5,5.99
301,11,5,2.74
302,10,5,3.39
303,1,5,0.99
304,3,5,4.99
305,13,5,2.99
307,16,5,4.99
308,5,5,5.99
309,8,5,0.99
311,9,5,2.49
312,14,5,5.99
313,11,5,5.99
314,2,5,3.99
315,8,5,1.99
316,10,5,5.6566666666666667
317,5,5,2.39
319,14,5,4.49
322,15,5,3.49
323,15,5,4.99
324,5,5,7.49
326,2,5,2.99
327,1,5,7.99
329,1,5,4.3233333333333333
330,2,5,4.99
331,10,5,2.99
333,12,5,2.99
334,11,5,4.99
335,5,5,1.99
339,16,5,0.99
340,13,5,4.99
341,4,5,1.99
344,3,5,3.49
346,4,5,6.6566666666666667
347,16,5,4.99
348,8,5,0.99
349,2,5,3.99
350,14,5,7.3233333333333333
353,9,5,2.99
354,3,5,4.99
355,2,5,0.99
356,3,5,3.49
358,4,5,1.24
361,15,5,3.24
362,10,5,2.99
363,12,5,2.99
364,13,5,4.99
365,5,5,6.99
366,7,5,3.49
367,14,5,0.99
369,14,5,6.74
370,3,5,4.6566666666666667
374,14,5,2.99
375,1,5,4.99
377,8,5,0.99
378,12,5,3.49
380,9,5,2.99
381,10,5,4.99
382,10,5,3.5614285714285714
385,5,5,4.99
387,10,5,0.99
388,5,5,0.99
390,14,5,5.99
394,14,5,2.99
395,1,5,2.49
396,7,5,5.99
397,14,5,3.6566666666666667
398,12,5,4.99
402,2,5,3.39
405,16,5,4.99
406,10,5,0.99
408,10,5,6.99
409,3,5,7.39
410,5,5,2.99
411,12,5,5.49
412,6,5,4.99
413,5,5,2.99
414,9,5,5.6566666666666667
415,11,5,5.6566666666666667
416,9,5,0.99
417,1,5,0.99
418,7,5,1.99
420,15,5,4.99
421,9,5,4.99
422,14,5,4.99
423,3,5,0.99
424,3,5,0.99
425,4,5,0.99
426,12,5,4.99
427,6,5,1.32333333333333333333
428,8,5,2.99
430,2,5,0.99
431,9,5,5.3233333333333333
433,2,5,3.99
434,16,5,3.49
435,9,5,4.99
436,13,5,1.99
437,8,5,2.99
438,10,5,5.39
439,7,5,6.99
440,9,5,0.99
443,5,5,2.99
444,5,5,7.99
448,13,5,5.99
449,14,5,4.99
450,3,5,3.49
451,16,5,4.99
453,15,5,5.99
455,9,5,4.99
456,2,5,4.99
457,6,5,0.99
458,8,5,1.99
459,9,5,5.99
460,9,5,6.99
461,2,5,3.99
462,12,5,3.49
463,15,5,4.49
464,2,5,4.99
465,13,5,5.99
467,9,5,0.99
468,3,5,3.79
470,2,5,6.99
471,4,5,2.99
472,16,5,7.6566666666666667
473,7,5,3.49
474,15,5,2.99
475,11,5,0.99
476,8,5,3.49
478,5,5,4.39
479,8,5,0.99
481,13,5,4.99
482,4,5,3.49
484,4,5,5.6566666666666667
485,3,5,4.99
486,9,5,4.99
487,4,5,4.99
488,15,5,3.99
489,2,5,2.49
491,3,5,2.99
492,13,5,0.99
493,9,5,1.49
494,11,5,2.99
496,16,5,3.99
500,9,5,5.99
501,1,5,7.99
502,5,5,4.99
503,15,5,4.99
504,7,5,0.99
505,3,5,2.99
506,11,5,6.99
508,10,5,4.99
509,3,5,0.99
510,2,5,4.99
511,1,5,0.99
512,4,5,5.99
514,7,5,2.99
515,3,5,4.99
516,12,5,0.99
517,15,5,3.99
518,16,5,5.6566666666666667
520,14,5,2.99
521,7,5,4.99
522,5,5,3.99
525,4,5,2.24
527,11,5,6.59
529,5,5,5.99
530,1,5,3.99
532,15,5,5.49
533,9,5,4.49
534,8,5,1.49
535,11,5,0.99
537,4,5,5.99
538,13,5,0.99
540,12,5,2.99
541,2,5,2.99
542,1,5,4.99
543,16,5,4.99
544,6,5,4.6566666666666667
545,9,5,2.6566666666666667
546,10,5,2.99
549,1,5,2.99
551,13,5,6.99
552,6,5,1.49
553,3,5,2.99
554,4,5,2.99
555,5,5,2.6566666666666667
556,10,5,4.99
557,8,5,2.99
558,13,5,4.99
559,14,5,2.99
560,10,5,0.99
561,13,5,2.99
562,12,5,0.99
563,10,5,4.99
564,2,5,4.99
566,9,5,0.99
567,9,5,4.99
568,5,5,6.49
570,15,5,5.49
571,6,5,2.99
572,14,5,4.49
573,3,5,2.99
574,1,5,3.6566666666666667
576,6,5,2.99
577,15,5,2.49
578,4,5,5.99
579,1,5,7.49
580,13,5,6.99
581,12,5,1.99
583,2,5,7.99
585,7,5,2.99
588,3,5,6.99
589,6,5,3.49
590,13,5,4.99
592,12,5,2.99
594,1,5,0.99
595,9,5,0.99
596,10,5,6.49
597,10,5,5.99
598,15,5,0.99
601,16,5,1.99
603,8,5,4.99
604,5,5,1.99
608,3,5,2.99
609,16,5,2.99
610,8,5,0.99
612,15,5,2.99
613,5,5,0.99
614,10,5,5.99
615,2,5,2.99
617,8,5,2.6566666666666667
619,15,5,2.99
620,14,5,3.49
621,8,5,3.49
623,9,5,2.49
624,10,5,7.99
625,14,5,3.39
626,3,5,2.99
628,15,5,3.99
629,6,5,0.99
630,7,5,0.99
631,15,5,1.99
632,13,5,4.99
633,4,5,4.99
634,8,5,0.99
635,13,5,0.99
637,14,5,4.99
638,5,5,2.99
640,9,5,4.99
641,9,5,2.49
643,7,5,5.99
644,2,5,2.99
645,16,5,2.99
646,10,5,0.99
647,12,5,2.99
649,2,5,4.99
651,2,5,3.24
652,4,5,3.6566666666666667
653,11,5,7.99
654,10,5,6.99
655,14,5,4.99
657,5,5,3.49
659,1,5,7.99
661,9,5,4.99
662,7,5,7.99
663,4,5,0.99
664,1,5,2.99
665,11,5,3.99
666,7,5,6.49
670,6,5,6.99
672,5,5,2.99
673,12,5,3.99
676,15,5,4.99
678,15,5,5.99
679,8,5,2.99
680,5,5,5.99
681,15,5,2.6566666666666667
682,8,5,5.99
683,7,5,5.49
684,10,5,3.99
685,13,5,4.99
686,13,5,4.99
687,6,5,0.99
688,3,5,0.99
689,9,5,3.3233333333333333
690,2,5,2.99
691,15,5,4.99
692,2,5,4.99
693,2,5,3.99
694,4,5,4.99
696,2,5,0.99
697,1,5,0.99
698,6,5,5.49
699,10,5,4.99
702,11,5,4.99
704,5,5,5.59
706,7,5,5.99
707,1,5,3.99
708,6,5,6.49
709,7,5,2.99
711,14,5,6.49
714,14,5,2.99
715,8,5,7.74
716,11,5,2.99
717,1,5,0.99
720,13,5,5.49
722,11,5,1.49
723,14,5,4.99
724,8,5,3.74
726,9,5,2.99
727,8,5,0.99
728,7,5,2.99
729,15,5,3.99
730,13,5,3.49
731,4,5,4.99
732,1,5,0.99
733,15,5,2.74
734,6,5,6.6566666666666667
735,3,5,2.99
736,8,5,2.3233333333333333
737,11,5,2.99
738,9,5,3.49
739,7,5,6.99
740,11,5,3.99
741,12,5,0.99
743,2,5,0.99
745,15,5,5.99
746,10,5,3.6566666666666667
747,10,5,1.99
748,1,5,2.99
749,11,5,4.99
750,13,5,3.99
751,13,5,0.99
753,8,5,3.49
755,3,5,5.99
756,5,5,2.99
758,7,5,3.99
759,13,5,4.49
760,13,5,3.49
761,3,5,2.99
762,10,5,0.99
763,15,5,7.99
764,15,5,7.99
765,5,5,4.99
766,7,5,1.74
767,12,5,4.99
768,3,5,6.99
771,7,5,7.49
772,7,5,4.99
773,15,5,2.99
774,5,5,5.59
775,7,5,6.6566666666666667
776,6,5,4.99
777,15,5,5.3233333333333333
779,15,5,6.99
782,15,5,2.99
783,16,5,3.49
784,16,5,2.99
785,16,5,4.99
787,16,5,1.99
788,6,5,3.49
789,9,5,2.99
790,7,5,0.99
791,6,5,7.39
792,9,5,2.99
793,1,5,2.99
795,8,5,0.99
797,12,5,0.99
798,14,5,6.99
799,11,5,2.99
800,11,5,2.99
803,7,5,4.99
804,11,5,4.99
805,2,5,5.99
806,13,5,3.99
807,10,5,2.5614285714285714
809,15,5,0.99
810,8,5,1.74
812,6,5,0.99
813,15,5,0.99
814,5,5,4.99
815,4,5,3.99
816,2,5,3.74
817,14,5,4.99
818,7,5,5.99
819,12,5,3.3233333333333333
820,2,5,5.99
823,1,5,4.3233333333333333
825,1,5,2.99
826,16,5,4.99
827,7,5,5.99
829,8,5,2.99
830,11,5,0.99
831,14,5,1.99
832,8,5,1.99
833,3,5,1.6566666666666667
834,6,5,2.49
835,10,5,2.99
836,15,5,5.3233333333333333
837,5,5,4.99
838,1,5,5.99
840,10,5,0.99
841,15,5,2.99
843,4,5,6.6566666666666667
844,15,5,4.99
845,9,5,4.99
846,13,5,7.99
847,13,5,2.99
848,16,5,3.49
849,2,5,0.99
850,1,5,0.99
851,15,5,3.49
852,3,5,2.99
855,6,5,0.99
857,5,5,5.3233333333333333
858,5,5,5.49
859,2,5,7.3233333333333333
861,10,5,6.99
863,14,5,1.99
864,3,5,1.49
865,2,5,7.99
866,8,5,0.99
867,8,5,4.99
869,1,5,4.49
870,11,5,1.99
871,5,5,4.99
873,3,5,2.99
875,15,5,0.99
876,11,5,5.99
877,12,5,2.49
879,12,5,7.3233333333333333
880,2,5,2.99
881,11,5,5.3233333333333333
882,7,5,2.3233333333333333
887,2,5,5.99
889,3,5,6.99
890,15,5,1.99
891,4,5,3.49
892,2,5,7.3233333333333333
893,14,5,6.99
894,16,5,0.99
895,4,5,4.99
896,3,5,3.99
897,7,5,6.99
898,15,5,6.99
899,4,5,0.99
900,9,5,2.99
901,2,5,3.3233333333333333
902,15,5,4.99
905,5,5,4.99
906,5,5,2.3233333333333333
907,7,5,2.99
908,9,5,7.99
911,1,5,4.99
912,14,5,5.24
913,13,5,3.99
915,1,5,4.99
916,2,5,4.99
917,15,5,4.99
918,3,5,5.99
919,10,5,6.99
920,13,5,3.6566666666666667
921,12,5,2.99
923,7,5,2.99
924,14,5,0.99
925,6,5,2.99
926,6,5,3.99
927,1,5,2.99
929,9,5,4.99
930,14,5,4.99
931,16,5,0.99
934,10,5,4.99
935,13,5,0.99
936,12,5,4.99
937,13,5,2.99
938,5,5,6.99
941,10,5,6.49
944,7,5,4.99
945,6,5,1.6566666666666667
948,13,5,0.99
949,10,5,0.99
951,4,5,0.99
952,6,5,2.99
953,2,5,3.99
956,10,5,4.99
957,9,5,4.99
958,7,5,2.99
959,3,5,2.99
960,6,5,3.99
961,9,5,4.99
962,4,5,2.99
964,1,5,6.74
966,6,5,2.99
968,1,5,4.99
969,7,5,5.99
970,4,5,0.99
971,9,5,6.74
972,14,5,6.99
973,6,5,7.6566666666666667
976,10,5,0.99
977,16,5,4.99
979,7,5,4.99
980,12,5,6.49
982,1,5,2.49
984,9,5,5.49
985,14,5,6.49
986,2,5,2.99
987,12,5,4.99
988,16,5,2.99
989,16,5,6.5455555555555556
990,11,5,3.49
992,6,5,0.99
993,3,5,2.99
995,11,5,5.19
996,6,5,0.99
997,12,5,2.99
998,11,5,0.99
999,3,5,2.99
1000,5,5,7.49
1,6,6,1.99
2,11,6,8.99
4,11,6,3.99
5,8,6,2.99
6,9,6,6.99
7,5,6,5.6566666666666667
8,11,6,5.99
9,11,6,5.99
10,15,6,5.49
11,9,6,1.7042857142857143
12,12,6,1.49
15,9,6,4.99
16,9,6,2.99
17,12,6,4.99
18,2,6,1.99
19,1,6,1.99
20,12,6,6.99
21,1,6,8.99
22,13,6,2.99
23,2,6,3.99
24,11,6,3.99
25,13,6,6.49
26,14,6,4.99
28,5,6,5.99
30,11,6,5.49
31,8,6,6.6566666666666667
34,11,6,1.99
35,11,6,5.99
37,4,6,5.99
39,14,6,2.24
40,6,6,2.99
42,15,6,3.99
43,8,6,3.3233333333333333
44,14,6,5.99
45,13,6,5.99
47,9,6,5.99
48,3,6,8.49
50,8,6,6.99
51,12,6,4.3233333333333333
52,9,6,0.99
53,8,6,3.99
54,12,6,2.59
55,14,6,3.99
56,1,6,3.3233333333333333
57,16,6,5.99
58,6,6,3.49
59,3,6,5.49
60,4,6,8.99
61,7,6,6.49
63,8,6,1.99
64,7,6,1.6566666666666667
65,11,6,8.49
67,1,6,3.99
68,3,6,6.99
69,14,6,6.49
70,2,6,4.99
71,8,6,7.99
72,6,6,3.99
73,14,6,4.49
74,12,6,7.49
75,16,6,4.99
77,13,6,6.49
78,2,6,2.99
79,7,6,2.39
80,8,6,2.99
81,14,6,4.99
83,8,6,4.99
84,16,6,4.99
86,12,6,5.49
88,16,6,4.99
89,2,6,0.99
90,13,6,4.49
91,4,6,2.79
95,13,6,6.49
96,13,6,5.49
97,1,6,0.99
99,5,6,2.99
101,6,6,4.6566666666666667
103,16,6,4.99
104,9,6,5.99
105,1,6,1.99
106,10,6,4.99
107,7,6,4.99
109,13,6,4.74
110,3,6,3.3233333333333333
111,1,6,3.99
112,9,6,7.99
114,14,6,4.99
115,1,6,3.99
117,10,6,5.99
118,2,6,0.99
119,5,6,1.99
122,11,6,0.99
123,16,6,4.99
124,3,6,8.99
125,16,6,3.99
126,1,6,8.99
127,5,6,6.49
129,6,6,6.99
130,1,6,0.99
131,4,6,6.3233333333333333
132,14,6,0.99
133,12,6,4.99
134,2,6,6.99
135,15,6,6.49
136,13,6,2.99
138,14,6,4.99
140,14,6,1.99
141,10,6,5.24
142,6,6,4.49
143,7,6,1.49
146,7,6,3.99
147,8,6,2.49
149,3,6,0.99
150,6,6,2.99
151,14,6,6.99
152,3,6,3.99
153,14,6,0.99
154,2,6,2.99
155,13,6,1.99
156,6,6,8.6566666666666667
158,12,6,2.99
159,5,6,6.99
160,2,6,3.3233333333333333
161,12,6,4.99
162,1,6,4.99
163,13,6,2.99
166,4,6,3.3233333333333333
167,16,6,5.19
170,9,6,6.49
172,7,6,4.99
173,7,6,4.99
174,12,6,5.99
175,8,6,5.99
176,15,6,1.99
177,14,6,7.49
179,7,6,7.49
181,16,6,2.99
182,5,6,4.99
183,8,6,7.6566666666666667
184,4,6,6.59
186,7,6,1.49
187,15,6,3.99
188,5,6,2.99
190,4,6,5.99
193,2,6,4.6566666666666667
194,1,6,1.99
199,6,6,4.99
200,10,6,0.99
201,9,6,2.99
202,5,6,5.99
203,14,6,6.99
204,7,6,3.3233333333333333
205,1,6,4.49
206,6,6,1.74
207,9,6,4.99
208,2,6,2.99
210,1,6,8.99
211,10,6,4.99
212,1,6,4.99
213,8,6,3.99
214,3,6,7.99
215,10,6,6.99
216,13,6,8.6566666666666667
218,7,6,0.99
219,6,6,4.99
220,12,6,2.99
222,11,6,7.6566666666666667
225,7,6,3.99
226,13,6,6.99
227,10,6,7.49
228,4,6,3.3233333333333333
229,1,6,5.99
230,7,6,2.99
231,8,6,2.99
234,14,6,2.99
235,14,6,3.39
236,10,6,4.99
237,15,6,5.99
239,2,6,6.49
240,14,6,2.99
241,2,6,3.49
242,5,6,3.6566666666666667
244,12,6,6.6566666666666667
245,2,6,3.74
246,9,6,5.99
247,5,6,4.6566666666666667
248,6,6,5.99
249,4,6,0.99
250,1,6,3.49
251,13,6,4.99
252,1,6,3.49
253,1,6,6.49
254,15,6,4.99
255,12,6,5.49
256,15,6,4.99
257,16,6,4.49
258,11,6,1.99
260,15,6,7.99
262,8,6,2.99
264,10,6,3.6566666666666667
265,5,6,5.99
266,4,6,3.3233333333333333
267,13,6,7.6566666666666667
270,13,6,0.99
271,1,6,5.99
272,7,6,6.49
273,8,6,1.49
274,6,6,5.49
275,11,6,3.99
276,5,6,5.99
277,11,6,6.99
279,15,6,4.99
280,3,6,0.99
281,10,6,1.99
284,12,6,6.49
285,14,6,4.99
286,16,6,2.99
287,1,6,2.99
288,16,6,2.99
289,13,6,5.99
290,9,6,3.99
291,15,6,2.39
293,15,6,3.99
294,16,6,5.99
295,6,6,4.99
299,16,6,3.99
300,2,6,5.99
301,11,6,3.49
302,10,6,4.6566666666666667
303,1,6,0.99
304,3,6,5.99
305,13,6,3.99
307,16,6,5.6566666666666667
308,5,6,6.49
309,8,6,0.99
310,10,6,6.99
311,9,6,3.49
313,11,6,5.99
314,2,6,4.49
315,8,6,3.3233333333333333
317,5,6,3.49
319,14,6,5.3233333333333333
320,13,6,7.99
321,13,6,8.99
322,15,6,4.99
323,15,6,4.99
324,5,6,7.99
326,2,6,3.99
327,1,6,8.24
328,3,6,2.99
329,1,6,4.99
330,2,6,4.99
331,10,6,3.49
333,12,6,2.99
334,11,6,5.6566666666666667
336,6,6,6.74
337,9,6,3.6566666666666667
338,14,6,5.99
341,4,6,2.99
342,16,6,4.99
344,3,6,4.49
345,8,6,4.49
346,4,6,6.99
347,16,6,4.99
348,8,6,0.99
349,2,6,5.3233333333333333
350,14,6,8.59
351,11,6,5.99
352,10,6,3.99
353,9,6,3.49
354,3,6,4.99
356,3,6,4.99
358,4,6,2.99
360,1,6,3.99
361,15,6,4.99
363,12,6,3.99
364,13,6,6.99
365,5,6,6.99
366,7,6,4.24
368,7,6,2.99
369,14,6,7.49
370,3,6,5.99
372,15,6,6.99
373,3,6,2.99
374,14,6,4.24
376,9,6,3.99
377,8,6,0.99
378,12,6,4.3233333333333333
379,7,6,0.99
380,9,6,2.99
381,10,6,4.99
382,10,6,4.49
383,15,6,0.99
384,12,6,6.99
385,5,6,4.99
387,10,6,0.99
388,5,6,1.99
389,15,6,6.99
390,14,6,6.99
392,3,6,5.99
393,6,6,3.99
395,1,6,2.99
396,7,6,6.99
397,14,6,3.99
398,12,6,6.99
402,2,6,4.49
403,7,6,6.79
406,10,6,2.24
408,10,6,6.99
409,3,6,8.6566666666666667
410,5,6,2.99
411,12,6,6.99
412,6,6,5.49
413,5,6,2.99
415,11,6,6.49
416,9,6,0.99
417,1,6,2.6566666666666667
418,7,6,2.49
421,9,6,4.99
423,3,6,0.99
424,3,6,0.99
426,12,6,4.99
427,6,6,2.99
428,8,6,3.49
429,15,6,4.49
431,9,6,5.99
433,2,6,5.49
434,16,6,4.99
435,9,6,5.99
436,13,6,2.99
437,8,6,2.99
438,10,6,5.99
440,9,6,1.6566666666666667
441,6,6,3.99
442,8,6,2.99
443,5,6,3.49
444,5,6,8.39
445,4,6,4.49
446,15,6,5.99
447,10,6,4.99
449,14,6,4.99
450,3,6,4.59
451,16,6,4.99
452,9,6,2.99
453,15,6,6.49
456,2,6,5.49
457,6,6,2.99
458,8,6,3.6566666666666667
459,9,6,6.99
460,9,6,8.99
461,2,6,4.49
463,15,6,5.99
464,2,6,6.49
465,13,6,6.99
466,6,6,5.49
467,9,6,1.99
468,3,6,3.99
469,4,6,4.99
471,4,6,2.99
473,7,6,4.99
474,15,6,3.49
475,11,6,0.99
476,8,6,4.6566666666666667
477,12,6,2.99
478,5,6,5.49
479,8,6,0.99
480,4,6,5.99
481,13,6,5.49
483,10,6,5.99
484,4,6,6.49
487,4,6,5.99
488,15,6,4.99
489,2,6,3.4185714285714286
490,13,6,5.99
491,3,6,3.79
492,13,6,1.99
494,11,6,2.99
496,16,6,4.49
499,8,6,8.99
500,9,6,6.99
501,1,6,8.99
502,5,6,5.49
503,15,6,6.49
504,7,6,1.99
505,3,6,3.3233333333333333
506,11,6,7.99
509,3,6,2.6566666666666667
513,16,6,3.99
514,7,6,3.99
515,3,6,4.99
518,16,6,5.99
519,15,6,6.99
521,7,6,4.99
522,5,6,4.99
523,4,6,0.99
524,5,6,1.32333333333333333333
525,4,6,3.49
526,16,6,2.99
527,11,6,7.99
528,8,6,5.99
529,5,6,6.99
530,1,6,4.49
531,9,6,4.49
532,15,6,6.39
533,9,6,4.99
534,8,6,2.3233333333333333
535,11,6,0.99
537,4,6,5.99
540,12,6,2.99
542,1,6,6.99
544,6,6,5.99
545,9,6,3.99
547,3,6,4.49
549,1,6,2.99
550,8,6,3.99
551,13,6,7.99
552,6,6,2.49
553,3,6,3.99
554,4,6,3.99
555,5,6,2.99
556,10,6,4.99
559,14,6,2.99
560,10,6,1.24
561,13,6,3.6566666666666667
562,12,6,1.49
563,10,6,5.99
565,9,6,4.99
567,9,6,6.49
569,2,6,2.99
570,15,6,6.99
571,6,6,3.99
572,14,6,4.99
573,3,6,3.49
574,1,6,4.99
575,6,6,7.99
576,6,6,2.99
577,15,6,3.49
578,4,6,6.99
579,1,6,8.49
580,13,6,7.99
581,12,6,2.99
583,2,6,7.99
585,7,6,3.74
586,1,6,3.49
587,6,6,5.6566666666666667
588,3,6,6.99
590,13,6,6.49
591,10,6,5.99
592,12,6,2.99
594,1,6,1.32333333333333333333
596,10,6,6.99
597,10,6,6.99
599,15,6,4.99
600,11,6,2.99
602,14,6,2.99
603,8,6,5.49
604,5,6,3.99
606,15,6,4.49
608,3,6,3.99
609,16,6,2.99
610,8,6,0.99
611,4,6,4.99
613,5,6,1.99
614,10,6,5.99
616,6,6,5.6566666666666667
617,8,6,2.99
619,15,6,3.99
621,8,6,4.39
625,14,6,4.99
627,6,6,7.99
628,15,6,3.99
631,15,6,2.99
632,13,6,5.99
634,8,6,1.32333333333333333333
635,13,6,0.99
636,12,6,2.49
637,14,6,4.99
639,8,6,4.99
640,9,6,6.6566666666666667
641,9,6,2.99
644,2,6,2.99
645,16,6,2.99
646,10,6,1.49
647,12,6,3.6566666666666667
649,2,6,5.3233333333333333
650,6,6,3.99
651,2,6,4.49
652,4,6,4.6566666666666667
653,11,6,8.99
654,10,6,7.99
655,14,6,5.99
656,16,6,3.99
658,11,6,2.99
659,1,6,8.49
660,5,6,2.99
662,7,6,8.3233333333333333
663,4,6,0.99
664,1,6,2.99
665,11,6,5.99
666,7,6,7.99
667,15,6,6.99
668,15,6,4.99
670,6,6,6.99
672,5,6,2.99
673,12,6,4.99
674,9,6,4.99
676,15,6,4.99
677,13,6,1.99
678,15,6,6.99
679,8,6,3.6566666666666667
680,5,6,6.99
681,15,6,2.99
682,8,6,7.79
683,7,6,5.99
684,10,6,4.99
685,13,6,5.49
686,13,6,6.49
687,6,6,1.99
688,3,6,1.6566666666666667
689,9,6,3.99
690,2,6,2.99
691,15,6,5.3233333333333333
692,2,6,6.49
693,2,6,4.6566666666666667
694,4,6,5.99
697,1,6,0.99
698,6,6,6.49
702,11,6,5.24
703,2,6,5.99
704,5,6,6.3233333333333333
705,9,6,5.49
706,7,6,6.6566666666666667
707,1,6,4.49
709,7,6,2.99
710,8,6,6.99
711,14,6,6.99
714,14,6,3.99
716,11,6,3.99
718,12,6,0.99
719,15,6,4.99
720,13,6,6.74
721,12,6,4.99
722,11,6,1.99
724,8,6,4.99
725,4,6,4.99
726,9,6,2.99
727,8,6,1.39
729,15,6,4.49
730,13,6,4.59
732,1,6,2.19
733,15,6,3.99
735,3,6,2.99
736,8,6,3.99
737,11,6,3.99
738,9,6,3.99
739,7,6,6.99
740,11,6,4.99
741,12,6,0.99
743,2,6,0.99
744,4,6,3.6566666666666667
745,15,6,6.99
746,10,6,4.6566666666666667
747,10,6,2.6566666666666667
748,1,6,2.99
749,11,6,5.6566666666666667
753,8,6,4.24
754,5,6,3.99
755,3,6,6.6566666666666667
756,5,6,2.99
759,13,6,5.99
760,13,6,4.99
761,3,6,2.99
763,15,6,8.49
764,15,6,8.49
765,5,6,4.99
767,12,6,5.49
768,3,6,8.99
769,9,6,5.99
770,9,6,4.99
771,7,6,8.6566666666666667
772,7,6,5.3233333333333333
773,15,6,3.6566666666666667
774,5,6,6.49
775,7,6,7.3233333333333333
777,15,6,6.3233333333333333
778,8,6,8.3233333333333333
779,15,6,7.99
780,8,6,4.99
781,10,6,6.99
782,15,6,2.99
784,16,6,2.99
785,16,6,5.99
786,3,6,0.99
789,9,6,2.99
790,7,6,1.49
791,6,6,7.99
793,1,6,3.49
794,1,6,2.49
795,8,6,0.99
796,15,6,3.99
797,12,6,0.99
798,14,6,6.99
799,11,6,3.99
800,11,6,2.99
805,2,6,6.99
806,13,6,5.99
807,10,6,2.99
808,4,6,1.99
809,15,6,2.49
810,8,6,1.99
811,16,6,5.99
812,6,6,0.99
813,15,6,0.99
814,5,6,5.99
816,2,6,4.99
819,12,6,3.99
820,2,6,5.99
821,9,6,1.49
822,8,6,1.99
823,1,6,5.99
824,8,6,7.3233333333333333
825,1,6,2.99
826,16,6,4.99
827,7,6,6.3233333333333333
828,4,6,2.99
830,11,6,0.99
831,14,6,1.99
832,8,6,1.99
833,3,6,1.99
835,10,6,3.99
837,5,6,4.99
838,1,6,6.39
839,14,6,1.99
840,10,6,2.99
841,15,6,4.3233333333333333
842,10,6,5.3233333333333333
843,4,6,6.99
844,15,6,5.49
845,9,6,4.99
846,13,6,7.99
847,13,6,2.99
848,16,6,4.49
849,2,6,1.49
852,3,6,3.3233333333333333
853,3,6,7.99
854,11,6,6.99
855,6,6,0.99
857,5,6,6.6566666666666667
861,10,6,7.99
862,4,6,2.3233333333333333
863,14,6,2.49
864,3,6,2.6566666666666667
865,2,6,8.3233333333333333
866,8,6,1.99
867,8,6,5.99
869,1,6,5.3233333333333333
870,11,6,3.99
871,5,6,5.49
873,3,6,4.3233333333333333
875,15,6,0.99
876,11,6,5.99
877,12,6,3.99
878,16,6,8.49
879,12,6,8.99
880,2,6,3.24
883,3,6,5.99
884,12,6,6.49
885,11,6,0.99
886,2,6,2.99
887,2,6,6.6566666666666667
889,3,6,8.99
890,15,6,2.49
891,4,6,4.3233333333333333
892,2,6,8.6566666666666667
893,14,6,6.99
895,4,6,6.3233333333333333
897,7,6,7.99
899,4,6,0.99
901,2,6,4.99
902,15,6,5.49
905,5,6,4.99
906,5,6,2.99
907,7,6,2.99
911,1,6,4.99
912,14,6,5.99
913,13,6,4.99
914,16,6,3.59
916,2,6,6.99
918,3,6,7.99
919,10,6,8.49
920,13,6,4.49
921,12,6,2.99
922,11,6,4.99
923,7,6,2.99
924,14,6,0.99
926,6,6,4.49
927,1,6,3.74
929,9,6,6.99
931,16,6,0.99
933,13,6,7.49
935,13,6,2.99
936,12,6,6.99
937,13,6,2.99
938,5,6,8.49
939,5,6,5.99
940,15,6,1.99
941,10,6,7.6566666666666667
942,7,6,0.99
944,7,6,5.3233333333333333
945,6,6,1.99
949,10,6,1.99
951,4,6,1.7042857142857143
957,9,6,4.99
958,7,6,2.99
959,3,6,3.99
960,6,6,4.49
961,9,6,4.99
963,2,6,1.99
964,1,6,7.99
966,6,6,4.6566666666666667
967,14,6,4.74
968,1,6,5.99
969,7,6,7.99
970,4,6,0.99
972,14,6,7.3233333333333333
973,6,6,8.99
974,13,6,2.99
975,8,6,2.99
976,10,6,1.99
977,16,6,6.49
978,5,6,4.99
979,7,6,5.6566666666666667
981,16,6,0.99
982,1,6,2.99
983,12,6,2.99
984,9,6,6.99
986,2,6,2.99
988,16,6,2.99
989,16,6,7.49
991,1,6,5.49
992,6,6,2.3233333333333333
993,3,6,3.6566666666666667
994,13,6,5.99
995,11,6,6.99
996,6,6,0.99
997,12,6,3.99
1000,5,6,7.99
1,6,7,1.99
4,11,7,5.39
5,8,7,4.59
6,9,7,7.49
8,11,7,6.24
9,11,7,7.99
11,9,7,1.99
12,12,7,2.24
13,11,7,7.99
15,9,7,5.49
16,9,7,4.99
18,2,7,1.99
19,1,7,1.99
20,12,7,8.99
21,1,7,9.49
22,13,7,4.24
23,2,7,5.99
24,11,7,4.59
25,13,7,7.49
26,14,7,5.49
27,15,7,1.99
29,1,7,4.99
31,8,7,7.49
35,11,7,6.6566666666666667
37,4,7,7.74
39,14,7,3.6566666666666667
40,6,7,4.24
42,15,7,5.49
43,8,7,3.99
45,13,7,6.99
46,10,7,9.99
47,9,7,6.99
48,3,7,9.49
49,14,7,4.3233333333333333
50,8,7,7.24
51,12,7,5.99
52,9,7,1.99
54,12,7,3.49
55,14,7,3.99
56,1,7,4.6566666666666667
57,16,7,6.49
58,6,7,4.99
59,3,7,6.6566666666666667
61,7,7,7.49
62,6,7,5.99
63,8,7,1.99
64,7,7,2.99
66,3,7,1.99
67,1,7,5.99
68,3,7,6.99
69,14,7,7.99
70,2,7,5.99
72,6,7,4.49
73,14,7,5.99
76,12,7,4.99
77,13,7,6.99
78,2,7,3.99
80,8,7,2.99
81,14,7,5.99
85,6,7,4.6566666666666667
86,12,7,5.99
88,16,7,4.99
89,2,7,0.99
90,13,7,5.49
91,4,7,3.99
93,13,7,8.49
95,13,7,7.6566666666666667
97,1,7,1.99
98,7,7,8.99
99,5,7,3.49
101,6,7,5.59
103,16,7,5.99
104,9,7,6.49
105,1,7,1.99
106,10,7,5.99
109,13,7,5.49
110,3,7,3.99
111,1,7,4.99
112,9,7,8.99
113,15,7,8.6566666666666667
114,14,7,5.74
115,1,7,5.99
116,4,7,6.59
117,10,7,6.49
118,2,7,0.99
119,5,7,2.99
121,2,7,6.24
122,11,7,1.99
123,16,7,6.49
127,5,7,6.99
129,6,7,7.99
130,1,7,1.24
131,4,7,6.99
132,14,7,2.6566666666666667
133,12,7,5.24
134,2,7,8.49
136,13,7,2.99
137,14,7,7.39
139,8,7,5.99
140,14,7,2.49
141,10,7,6.99
142,6,7,5.99
143,7,7,1.99
146,7,7,3.99
147,8,7,3.49
149,3,7,0.99
150,6,7,3.99
151,14,7,7.49
152,3,7,4.99
154,2,7,4.74
155,13,7,2.49
157,3,7,1.99
158,12,7,4.3233333333333333
159,5,7,7.2757142857142857
161,12,7,6.99
162,1,7,6.39
164,6,7,3.99
165,14,7,5.6566666666666667
166,4,7,3.99
167,16,7,5.99
169,16,7,6.99
170,9,7,6.99
172,7,7,5.99
174,12,7,6.3233333333333333
175,8,7,7.99
176,15,7,1.99
177,14,7,8.49
178,5,7,1.99
181,16,7,3.49
184,4,7,7.99
186,7,7,1.99
187,15,7,4.99
191,3,7,1.99
197,15,7,6.99
199,6,7,6.49
200,10,7,1.6566666666666667
202,5,7,6.99
203,14,7,7.3233333333333333
205,1,7,4.99
206,6,7,2.49
207,9,7,5.99
208,2,7,3.99
209,7,7,4.49
210,1,7,9.6566666666666667
211,10,7,5.99
212,1,7,5.49
213,8,7,3.99
214,3,7,8.99
215,10,7,8.6566666666666667
216,13,7,9.99
218,7,7,1.49
219,6,7,5.99
220,12,7,3.3233333333333333
222,11,7,7.99
223,2,7,2.99
225,7,7,5.99
226,13,7,8.99
228,4,7,4.49
229,1,7,6.49
230,7,7,2.99
231,8,7,3.79
232,10,7,3.99
233,16,7,5.3233333333333333
234,14,7,4.99
236,10,7,6.49
239,2,7,7.49
240,14,7,3.49
242,5,7,4.49
243,2,7,9.49
244,12,7,7.74
245,2,7,4.49
247,5,7,5.49
249,4,7,0.99
250,1,7,4.49
251,13,7,6.99
252,1,7,3.99
253,1,7,6.99
254,15,7,5.99
256,15,7,5.99
257,16,7,5.99
260,15,7,9.99
263,15,7,6.99
265,5,7,6.99
266,4,7,4.99
269,8,7,5.49
270,13,7,0.99
271,1,7,6.99
273,8,7,2.79
274,6,7,6.3233333333333333
275,11,7,4.99
276,5,7,6.49
277,11,7,7.99
278,12,7,8.99
280,3,7,1.32333333333333333333
282,7,7,3.99
283,13,7,2.99
284,12,7,7.49
285,14,7,5.74
286,16,7,3.49
287,1,7,3.99
288,16,7,3.99
289,13,7,7.49
290,9,7,3.99
291,15,7,3.99
292,1,7,5.6566666666666667
293,15,7,4.49
294,16,7,7.49
295,6,7,5.59
298,14,7,5.99
299,16,7,4.99
300,2,7,7.99
301,11,7,4.99
302,10,7,5.99
303,1,7,1.99
305,13,7,4.99
306,10,7,5.49
307,16,7,6.49
308,5,7,6.99
309,8,7,1.99
311,9,7,4.99
312,14,7,8.99
313,11,7,7.49
314,2,7,4.99
317,5,7,4.24
319,14,7,6.39
320,13,7,8.6566666666666667
322,15,7,5.6566666666666667
323,15,7,4.99
324,5,7,9.99
326,2,7,4.74
327,1,7,9.3233333333333333
328,3,7,2.99
329,1,7,6.99
330,2,7,5.49
331,10,7,4.74
333,12,7,2.99
334,11,7,6.24
336,6,7,6.99
338,14,7,5.99
339,16,7,2.99
340,13,7,5.99
341,4,7,3.24
344,3,7,5.3233333333333333
345,8,7,5.99
346,4,7,8.99
347,16,7,4.99
348,8,7,1.32333333333333333333
349,2,7,6.49
351,11,7,6.99
353,9,7,4.6566666666666667
354,3,7,6.49
355,2,7,1.49
356,3,7,5.74
358,4,7,3.99
360,1,7,4.49
361,15,7,5.5614285714285714
365,5,7,8.99
366,7,7,4.99
367,14,7,2.24
369,14,7,7.99
370,3,7,6.99
371,1,7,7.99
373,3,7,3.99
376,9,7,4.59
378,12,7,4.99
380,9,7,3.99
381,10,7,5.99
382,10,7,5.24
383,15,7,2.99
384,12,7,6.99
385,5,7,5.99
387,10,7,1.24
388,5,7,3.99
391,8,7,4.39
392,3,7,7.99
393,6,7,3.99
394,14,7,3.39
395,1,7,4.6566666666666667
396,7,7,7.3233333333333333
397,14,7,5.49
398,12,7,7.99
399,9,7,4.99
400,6,7,2.99
401,7,7,2.99
402,2,7,5.74
403,7,7,6.99
406,10,7,2.99
407,6,7,3.99
408,10,7,7.99
409,3,7,9.99
410,5,7,3.99
412,6,7,6.99
413,5,7,2.99
414,9,7,7.99
415,11,7,6.99
416,9,7,2.99
417,1,7,3.3233333333333333
418,7,7,3.3233333333333333
420,15,7,5.3233333333333333
421,9,7,5.49
423,3,7,1.32333333333333333333
425,4,7,2.99
426,12,7,4.99
427,6,7,3.49
428,8,7,3.99
429,15,7,5.3233333333333333
430,2,7,0.99
432,4,7,6.6566666666666667
433,2,7,6.6566666666666667
434,16,7,5.3233333333333333
435,9,7,5.99
436,13,7,3.99
437,8,7,3.3233333333333333
438,10,7,7.49
439,7,7,8.3233333333333333
440,9,7,1.99
441,6,7,4.99
443,5,7,4.74
444,5,7,9.6566666666666667
445,4,7,5.74
447,10,7,5.3233333333333333
451,16,7,5.49
452,9,7,3.99
453,15,7,7.99
454,12,7,1.99
455,9,7,4.99
456,2,7,6.6566666666666667
457,6,7,3.99
458,8,7,3.99
460,9,7,9.1566666666666667
462,12,7,4.99
463,15,7,5.99
464,2,7,6.99
465,13,7,7.99
466,6,7,5.99
467,9,7,2.3233333333333333
468,3,7,5.6566666666666667
469,4,7,5.99
471,4,7,2.99
473,7,7,4.99
474,15,7,4.99
475,11,7,2.99
476,8,7,5.6566666666666667
479,8,7,1.49
480,4,7,6.99
481,13,7,6.74
482,4,7,5.99
483,10,7,7.99
484,4,7,6.99
486,9,7,5.3233333333333333
488,15,7,4.99
489,2,7,4.49
491,3,7,3.99
496,16,7,5.99
498,8,7,3.49
499,8,7,8.99
500,9,7,7.6566666666666667
502,5,7,6.99
503,15,7,7.99
504,7,7,3.74
505,3,7,4.99
507,10,7,4.99
508,10,7,5.99
510,2,7,6.6566666666666667
511,1,7,0.99
512,4,7,7.49
514,7,7,4.49
516,12,7,1.99
518,16,7,7.24
519,15,7,7.74
521,7,7,4.99
523,4,7,1.49
524,5,7,2.6566666666666667
525,4,7,4.24
527,11,7,7.99
528,8,7,5.99
529,5,7,7.3233333333333333
530,1,7,5.99
531,9,7,5.49
532,15,7,6.99
534,8,7,3.6566666666666667
535,11,7,2.49
536,4,7,7.6566666666666667
538,13,7,1.99
539,7,7,3.3233333333333333
540,12,7,2.99
543,16,7,7.49
544,6,7,6.24
545,9,7,4.49
546,10,7,3.99
547,3,7,4.99
548,4,7,7.3233333333333333
549,1,7,4.99
551,13,7,8.99
553,3,7,4.99
554,4,7,4.6566666666666667
555,5,7,4.49
556,10,7,6.99
557,8,7,5.99
558,13,7,7.99
559,14,7,2.99
560,10,7,2.99
562,12,7,2.49
563,10,7,6.99
564,2,7,5.99
565,9,7,5.99
566,9,7,2.99
567,9,7,7.49
568,5,7,8.49
569,2,7,2.99
570,15,7,7.99
571,6,7,4.6566666666666667
572,14,7,6.3233333333333333
573,3,7,3.99
575,6,7,9.99
576,6,7,2.99
578,4,7,7.99
579,1,7,8.99
580,13,7,8.99
581,12,7,3.99
582,2,7,6.99
583,2,7,9.99
585,7,7,4.99
586,1,7,4.99
588,3,7,8.99
589,6,7,4.99
590,13,7,6.99
591,10,7,6.99
592,12,7,4.3233333333333333
595,9,7,1.6566666666666667
596,10,7,8.3233333333333333
597,10,7,7.99
598,15,7,1.99
599,15,7,5.49
600,11,7,2.99
601,16,7,4.3233333333333333
602,14,7,3.6566666666666667
603,8,7,6.3233333333333333
604,5,7,4.49
605,9,7,3.49
606,15,7,5.99
608,3,7,4.99
609,16,7,2.99
610,8,7,1.74
612,15,7,3.99
613,5,7,3.49
614,10,7,6.99
615,2,7,4.99
616,6,7,6.99
617,8,7,3.99
618,7,7,5.6566666666666667
619,15,7,5.49
620,14,7,4.99
621,8,7,5.59
622,6,7,4.49
623,9,7,4.99
624,10,7,9.79
625,14,7,5.24
626,3,7,5.49
627,6,7,8.99
628,15,7,5.1566666666666667
629,6,7,1.49
631,15,7,4.99
633,4,7,6.99
634,8,7,2.99
635,13,7,0.99
636,12,7,2.99
637,14,7,5.6566666666666667
638,5,7,3.99
640,9,7,7.99
641,9,7,4.99
643,7,7,7.49
644,2,7,2.99
645,16,7,3.99
646,10,7,2.6566666666666667
647,12,7,4.6566666666666667
648,16,7,5.24
649,2,7,6.99
650,6,7,4.99
654,10,7,8.6566666666666667
657,5,7,5.49
658,11,7,3.3233333333333333
659,1,7,9.49
660,5,7,2.99
661,9,7,7.99
662,7,7,9.99
664,1,7,4.24
665,11,7,5.99
666,7,7,7.99
667,15,7,6.99
668,15,7,5.99
670,6,7,8.99
672,5,7,3.49
673,12,7,5.49
675,13,7,3.99
676,15,7,5.49
677,13,7,2.49
678,15,7,6.99
679,8,7,3.99
680,5,7,8.6566666666666667
681,15,7,4.99
682,8,7,7.99
683,7,7,7.19
684,10,7,5.99
686,13,7,6.99
687,6,7,2.6566666666666667
688,3,7,1.99
689,9,7,4.99
690,2,7,3.3233333333333333
691,15,7,5.99
693,2,7,5.3233333333333333
694,4,7,6.99
695,8,7,6.49
697,1,7,1.32333333333333333333
700,8,7,5.99
702,11,7,6.3233333333333333
704,5,7,7.49
705,9,7,6.49
706,7,7,7.99
707,1,7,5.49
708,6,7,7.99
709,7,7,3.99
710,8,7,8.6566666666666667
711,14,7,8.99
714,14,7,3.99
717,1,7,2.6566666666666667
718,12,7,0.99
720,13,7,7.99
722,11,7,3.99
723,14,7,7.49
724,8,7,5.6566666666666667
725,4,7,6.39
726,9,7,3.99
727,8,7,1.99
728,7,7,5.6566666666666667
729,15,7,4.99
730,13,7,5.39
731,4,7,4.99
733,15,7,3.99
734,6,7,8.3233333333333333
736,8,7,4.99
737,11,7,4.49
738,9,7,5.49
739,7,7,8.3233333333333333
740,11,7,5.99
741,12,7,1.32333333333333333333
743,2,7,1.99
744,4,7,4.6566666666666667
745,15,7,6.99
747,10,7,2.99
748,1,7,4.49
749,11,7,6.99
750,13,7,5.99
751,13,7,2.99
753,8,7,5.3233333333333333
755,3,7,7.6566666666666667
757,6,7,6.6566666666666667
758,7,7,4.99
760,13,7,5.49
763,15,7,9.6566666666666667
764,15,7,9.49
765,5,7,5.99
766,7,7,3.99
767,12,7,6.24
768,3,7,9.49
769,9,7,7.49
770,9,7,5.99
771,7,7,9.3233333333333333
772,7,7,5.99
773,15,7,3.99
774,5,7,6.99
775,7,7,7.99
776,6,7,6.24
777,15,7,7.49
778,8,7,9.19
780,8,7,5.99
781,10,7,8.99
782,15,7,4.59
783,16,7,4.99
784,16,7,2.99
785,16,7,6.6566666666666667
786,3,7,1.6566666666666667
787,16,7,3.99
788,6,7,4.99
789,9,7,3.24
790,7,7,2.49
791,6,7,9.99
794,1,7,2.99
795,8,7,1.99
796,15,7,5.99
797,12,7,1.32333333333333333333
798,14,7,8.6566666666666667
800,11,7,2.99
803,7,7,5.99
805,2,7,6.99
806,13,7,5.99
807,10,7,3.99
809,15,7,2.99
810,8,7,3.99
812,6,7,1.6566666666666667
813,15,7,1.99
814,5,7,6.24
816,2,7,4.99
818,7,7,8.99
819,12,7,5.99
820,2,7,7.99
821,9,7,2.99
822,8,7,1.99
823,1,7,6.6566666666666667
824,8,7,8.99
825,1,7,4.49
827,7,7,7.99
828,4,7,2.99
829,8,7,2.99
830,11,7,0.99
832,8,7,2.99
833,3,7,2.99
835,10,7,3.99
837,5,7,6.49
838,1,7,7.74
840,10,7,2.99
841,15,7,4.99
842,10,7,6.49
843,4,7,8.49
844,15,7,6.99
845,9,7,5.3233333333333333
846,13,7,9.6566666666666667
847,13,7,3.49
848,16,7,5.99
849,2,7,2.49
850,1,7,1.49
851,15,7,4.99
852,3,7,4.8471428571428571
853,3,7,9.99
854,11,7,8.3233333333333333
856,11,7,7.49
857,5,7,7.49
858,5,7,7.99
859,2,7,8.99
861,10,7,9.6566666666666667
862,4,7,3.49
863,14,7,3.19
864,3,7,3.99
865,2,7,9.6566666666666667
867,8,7,7.49
868,16,7,2.99
869,1,7,6.3233333333333333
870,11,7,4.99
871,5,7,6.99
872,16,7,7.6566666666666667
875,15,7,2.3233333333333333
876,11,7,6.99
877,12,7,3.99
878,16,7,9.99
879,12,7,9.79
880,2,7,4.3233333333333333
881,11,7,7.99
882,7,7,4.99
883,3,7,6.99
887,2,7,7.99
889,3,7,9.49
890,15,7,3.49
891,4,7,5.49
892,2,7,9.99
893,14,7,8.49
894,16,7,2.99
895,4,7,6.99
897,7,7,9.6566666666666667
898,15,7,8.6566666666666667
900,9,7,4.49
901,2,7,5.99
902,15,7,6.1328571428571429
904,11,7,9.99
905,5,7,4.99
906,5,7,3.99
907,7,7,4.99
908,9,7,9.74
911,1,7,5.99
913,13,7,5.6566666666666667
914,16,7,3.99
915,1,7,4.99
916,2,7,7.99
917,15,7,7.49
918,3,7,7.99
919,10,7,9.99
920,13,7,5.74
921,12,7,3.3233333333333333
922,11,7,5.49
923,7,7,2.99
924,14,7,1.49
925,6,7,5.3233333333333333
927,1,7,4.99
930,14,7,6.59
931,16,7,1.49
932,5,7,4.99
933,13,7,7.99
934,10,7,5.99
935,13,7,2.99
936,12,7,7.49
937,13,7,3.99
938,5,7,9.49
939,5,7,5.99
940,15,7,1.99
942,7,7,0.99
944,7,7,5.99
946,8,7,9.6566666666666667
947,9,7,3.99
948,13,7,2.99
949,10,7,2.49
951,4,7,2.6566666666666667
952,6,7,3.49
953,2,7,5.3233333333333333
956,10,7,5.74
957,9,7,5.99
958,7,7,3.99
960,6,7,4.99
961,9,7,5.99
962,4,7,3.49
963,2,7,2.99
964,1,7,8.6566666666666667
965,11,7,1.99
966,6,7,5.49
967,14,7,5.6566666666666667
968,1,7,6.99
969,7,7,8.99
970,4,7,1.49
971,9,7,8.59
972,14,7,8.49
973,6,7,9.99
974,13,7,4.99
976,10,7,2.49
977,16,7,7.99
978,5,7,4.99
979,7,7,6.59
980,12,7,8.49
981,16,7,0.99
982,1,7,4.3233333333333333
983,12,7,3.99
985,14,7,7.99
986,2,7,3.99
987,12,7,7.99
988,16,7,3.49
989,16,7,7.99
990,11,7,4.99
991,1,7,5.99
992,6,7,2.99
993,3,7,3.99
995,11,7,7.6566666666666667
999,3,7,5.74
1000,5,7,9.74
2,11,8,9.99
4,11,8,6.99
5,8,8,4.99
6,9,8,8.49
7,5,8,7.99
8,11,8,6.99
9,11,8,8.99
10,15,8,7.49
11,9,8,3.99
12,12,8,3.49
13,11,8,9.99
15,9,8,6.49
16,9,8,4.99
17,12,8,6.99
19,1,8,3.99
20,12,8,9.99
21,1,8,10.6566666666666667
22,13,8,5.99
23,2,8,6.49
24,11,8,4.99
25,13,8,7.99
26,14,8,6.49
27,15,8,1.99
30,11,8,7.49
31,8,8,7.99
34,11,8,3.99
35,11,8,6.99
37,4,8,7.99
39,14,8,4.99
42,15,8,5.99
43,8,8,5.99
44,14,8,8.49
45,13,8,8.49
46,10,8,9.99
47,9,8,7.99
48,3,8,9.99
50,8,8,7.99
51,12,8,6.99
52,9,8,2.99
54,12,8,4.99
55,14,8,5.3233333333333333
56,1,8,5.99
57,16,8,7.6566666666666667
58,6,8,5.49
59,3,8,7.99
60,4,8,10.99
61,7,8,8.99
64,7,8,2.99
65,11,8,10.3233333333333333
67,1,8,6.99
68,3,8,7.99
69,14,8,8.74
70,2,8,6.99
71,8,8,10.99
73,14,8,6.2757142857142857
74,12,8,9.49
75,16,8,7.99
76,12,8,5.99
77,13,8,8.49
78,2,8,4.99
79,7,8,3.99
80,8,8,4.3233333333333333
82,8,8,6.74
83,8,8,6.3233333333333333
84,16,8,6.99
85,6,8,5.99
86,12,8,7.6566666666666667
89,2,8,2.99
90,13,8,5.99
91,4,8,4.3233333333333333
92,11,8,6.99
93,13,8,9.99
94,8,8,4.99
95,13,8,8.99
98,7,8,8.99
99,5,8,4.6566666666666667
100,9,8,6.6566666666666667
101,6,8,6.49
103,16,8,6.6566666666666667
106,10,8,6.99
107,7,8,6.99
109,13,8,6.8471428571428571
110,3,8,5.49
111,1,8,5.99
112,9,8,9.99
113,15,8,8.99
114,14,8,6.74
115,1,8,6.39
116,4,8,7.24
117,10,8,7.49
118,2,8,2.99
120,15,8,10.99
121,2,8,7.3233333333333333
122,11,8,2.99
125,16,8,5.99
126,1,8,10.3233333333333333
127,5,8,8.99
129,6,8,8.74
130,1,8,2.6566666666666667
131,4,8,8.49
132,14,8,2.99
133,12,8,6.49
138,14,8,5.99
139,8,8,6.99
140,14,8,2.99
141,10,8,6.99
142,6,8,5.99
146,7,8,5.99
147,8,8,4.2757142857142857
149,3,8,2.3233333333333333
150,6,8,4.24
151,14,8,8.99
152,3,8,6.99
153,14,8,2.3233333333333333
154,2,8,4.99
155,13,8,2.99
157,3,8,1.99
158,12,8,4.99
159,5,8,7.99
160,2,8,5.99
161,12,8,6.99
162,1,8,7.99
163,13,8,4.99
164,6,8,4.99
165,14,8,6.59
166,4,8,5.49
167,16,8,7.49
169,16,8,8.49
170,9,8,8.59
172,7,8,6.39
173,7,8,6.99
174,12,8,7.19
175,8,8,8.49
176,15,8,3.49
177,14,8,9.99
178,5,8,3.99
179,7,8,9.6566666666666667
181,16,8,4.49
182,5,8,6.99
183,8,8,8.99
184,4,8,8.99
185,9,8,8.99
186,7,8,3.99
189,10,8,6.49
190,4,8,8.49
191,3,8,3.74
193,2,8,5.99
196,4,8,1.99
197,15,8,7.99
199,6,8,7.49
200,10,8,2.49
201,9,8,4.6566666666666667
202,5,8,7.99
203,14,8,7.99
204,7,8,5.99
206,6,8,3.3233333333333333
207,9,8,6.99
208,2,8,3.99
209,7,8,5.3233333333333333
212,1,8,6.99
213,8,8,5.99
215,10,8,9.3233333333333333
216,13,8,9.99
218,7,8,2.99
220,12,8,4.49
223,2,8,4.99
225,7,8,5.99
227,10,8,9.39
228,4,8,4.99
229,1,8,6.99
230,7,8,3.99
231,8,8,3.99
232,10,8,4.49
236,10,8,7.99
239,2,8,8.6566666666666667
240,14,8,3.99
241,2,8,5.6566666666666667
242,5,8,5.49
243,2,8,10.49
244,12,8,8.49
245,2,8,5.49
246,9,8,7.99
247,5,8,5.99
249,4,8,2.3233333333333333
250,1,8,4.99
251,13,8,7.99
252,1,8,5.49
253,1,8,8.99
254,15,8,6.99
255,12,8,7.3233333333333333
257,16,8,6.99
258,11,8,2.99
259,2,8,6.99
260,15,8,9.99
263,15,8,7.6566666666666667
264,10,8,5.99
266,4,8,5.6566666666666667
267,13,8,9.3233333333333333
268,2,8,6.99
269,8,8,6.6566666666666667
270,13,8,2.3233333333333333
271,1,8,8.99
272,7,8,8.99
273,8,8,3.99
274,6,8,7.99
275,11,8,6.49
277,11,8,8.99
279,15,8,6.99
280,3,8,2.6566666666666667
281,10,8,2.99
282,7,8,4.49
283,13,8,3.99
284,12,8,8.6566666666666667
285,14,8,6.6566666666666667
286,16,8,3.99
287,1,8,4.49
288,16,8,4.6566666666666667
292,1,8,5.99
293,15,8,5.49
294,16,8,7.99
295,6,8,6.3233333333333333
296,14,8,6.49
297,4,8,4.99
298,14,8,6.99
300,2,8,7.99
301,11,8,5.6566666666666667
302,10,8,6.49
303,1,8,3.74
304,3,8,7.99
305,13,8,5.99
306,10,8,5.99
307,16,8,7.3233333333333333
309,8,8,3.6566666666666667
310,10,8,8.49
311,9,8,5.49
312,14,8,8.99
315,8,8,4.99
316,10,8,7.99
317,5,8,5.6566666666666667
320,13,8,8.99
321,13,8,9.99
323,15,8,6.39
324,5,8,10.49
326,2,8,5.49
327,1,8,10.6566666666666667
329,1,8,7.3233333333333333
330,2,8,6.49
331,10,8,5.3233333333333333
333,12,8,4.99
334,11,8,6.99
336,6,8,8.99
337,9,8,5.99
338,14,8,7.49
339,16,8,3.99
340,13,8,6.99
341,4,8,4.6566666666666667
342,16,8,6.99
343,3,8,4.99
344,3,8,6.3233333333333333
348,8,8,2.49
349,2,8,6.99
350,14,8,10.3233333333333333
352,10,8,4.99
353,9,8,5.49
354,3,8,7.3233333333333333
355,2,8,1.99
356,3,8,5.99
357,4,8,2.6566666666666667
358,4,8,4.3233333333333333
360,1,8,5.49
361,15,8,5.99
363,12,8,6.99
365,5,8,8.99
366,7,8,6.6566666666666667
367,14,8,3.39
368,7,8,3.99
369,14,8,8.99
370,3,8,7.6566666666666667
371,1,8,7.99
372,15,8,8.99
373,3,8,4.99
374,14,8,6.99
375,1,8,6.99
377,8,8,2.49
378,12,8,6.99
379,7,8,2.99
380,9,8,3.99
381,10,8,5.99
382,10,8,6.99
383,15,8,3.74
384,12,8,7.99
385,5,8,7.3233333333333333
387,10,8,2.99
388,5,8,4.99
389,15,8,8.6566666666666667
390,14,8,9.99
392,3,8,8.3233333333333333
393,6,8,5.99
394,14,8,3.99
396,7,8,8.99
397,14,8,6.74
398,12,8,8.49
399,9,8,5.99
400,6,8,4.99
402,2,8,6.49
403,7,8,8.59
405,16,8,6.99
406,10,8,4.74
408,10,8,9.49
410,5,8,4.49
412,6,8,7.49
414,9,8,8.99
415,11,8,8.49
417,1,8,4.59
418,7,8,4.4185714285714286
420,15,8,6.49
421,9,8,6.6566666666666667
424,3,8,3.49
425,4,8,3.99
426,12,8,6.49
429,15,8,5.99
430,2,8,2.49
431,9,8,8.99
432,4,8,7.49
433,2,8,7.49
434,16,8,6.99
436,13,8,5.49
437,8,8,3.99
439,7,8,8.99
440,9,8,3.99
441,6,8,6.49
442,8,8,4.99
444,5,8,10.49
445,4,8,5.99
446,15,8,8.99
447,10,8,6.49
448,13,8,7.99
449,14,8,7.24
450,3,8,6.49
451,16,8,5.99
452,9,8,5.99
453,15,8,8.6566666666666667
454,12,8,3.99
455,9,8,6.49
458,8,8,5.99
460,9,8,10.49
461,2,8,5.99
462,12,8,6.99
463,15,8,7.99
464,2,8,7.99
465,13,8,8.99
466,6,8,7.99
467,9,8,3.99
468,3,8,5.99
470,2,8,8.99
471,4,8,3.99
473,7,8,6.39
474,15,8,5.99
476,8,8,6.49
478,5,8,7.49
479,8,8,2.99
480,4,8,7.99
481,13,8,6.99
483,10,8,7.99
484,4,8,7.99
486,9,8,6.24
489,2,8,5.99
492,13,8,3.99
494,11,8,5.49
496,16,8,5.99
498,8,8,4.49
499,8,8,10.99
500,9,8,8.49
501,1,8,10.49
502,5,8,7.99
503,15,8,8.99
504,7,8,4.99
506,11,8,9.99
507,10,8,4.99
508,10,8,7.3233333333333333
509,3,8,4.99
510,2,8,6.99
511,1,8,2.49
512,4,8,8.6566666666666667
513,16,8,4.99
514,7,8,4.99
516,12,8,2.99
517,15,8,5.99
518,16,8,8.3233333333333333
519,15,8,8.49
521,7,8,6.59
522,5,8,6.99
524,5,8,3.6566666666666667
525,4,8,5.99
526,16,8,3.99
527,11,8,9.49
528,8,8,6.99
529,5,8,7.99
530,1,8,5.99
531,9,8,6.49
532,15,8,8.99
533,9,8,7.3233333333333333
535,11,8,2.99
536,4,8,8.99
537,4,8,7.99
538,13,8,1.99
540,12,8,4.49
541,2,8,6.99
542,1,8,8.99
543,16,8,8.99
545,9,8,4.99
546,10,8,3.99
548,4,8,8.99
549,1,8,5.6566666666666667
550,8,8,4.99
551,13,8,10.6566666666666667
552,6,8,4.3233333333333333
553,3,8,5.99
555,5,8,5.3233333333333333
556,10,8,7.49
557,8,8,6.99
559,14,8,4.49
560,10,8,3.6566666666666667
562,12,8,2.99
563,10,8,7.24
564,2,8,7.3233333333333333
566,9,8,2.99
568,5,8,8.99
569,2,8,3.99
570,15,8,8.3233333333333333
571,6,8,5.59
572,14,8,7.59
573,3,8,4.99
574,1,8,6.99
575,6,8,10.49
577,15,8,5.49
578,4,8,8.99
579,1,8,10.49
580,13,8,10.49
582,2,8,8.99
583,2,8,9.99
584,9,8,4.99
586,1,8,5.3233333333333333
587,6,8,6.99
589,6,8,5.99
590,13,8,8.59
591,10,8,7.99
593,11,8,2.99
594,1,8,2.99
595,9,8,2.49
596,10,8,9.99
597,10,8,8.99
598,15,8,3.49
599,15,8,6.49
600,11,8,4.49
601,16,8,5.49
602,14,8,4.49
603,8,8,7.6566666666666667
606,15,8,5.99
608,3,8,5.99
609,16,8,4.99
610,8,8,1.99
611,4,8,5.99
613,5,8,4.99
614,10,8,8.59
615,2,8,5.74
616,6,8,7.99
617,8,8,5.99
619,15,8,6.74
620,14,8,6.6566666666666667
621,8,8,6.6566666666666667
622,6,8,4.99
623,9,8,5.3233333333333333
624,10,8,10.99
625,14,8,5.99
626,3,8,6.6566666666666667
628,15,8,5.99
629,6,8,2.49
630,7,8,2.3233333333333333
631,15,8,4.99
632,13,8,8.49
633,4,8,7.99
634,8,8,2.99
636,12,8,4.49
637,14,8,6.74
639,8,8,5.99
640,9,8,7.99
641,9,8,5.99
643,7,8,7.99
644,2,8,4.49
645,16,8,4.49
646,10,8,3.6566666666666667
647,12,8,5.99
648,16,8,5.99
649,2,8,6.99
650,6,8,5.99
651,2,8,6.99
655,14,8,8.99
656,16,8,5.99
657,5,8,6.6566666666666667
658,11,8,4.99
660,5,8,4.99
661,9,8,8.99
663,4,8,2.3233333333333333
664,1,8,5.99
665,11,8,7.99
666,7,8,9.99
667,15,8,8.49
670,6,8,9.6566666666666667
672,5,8,4.49
674,9,8,6.99
675,13,8,5.99
676,15,8,6.24
677,13,8,3.49
678,15,8,8.3233333333333333
679,8,8,5.99
680,5,8,9.49
681,15,8,5.49
682,8,8,9.99
683,7,8,8.49
687,6,8,3.3233333333333333
689,9,8,6.6566666666666667
690,2,8,4.49
691,15,8,7.74
694,4,8,7.6566666666666667
697,1,8,2.74
698,6,8,8.39
699,10,8,6.99
700,8,8,7.99
702,11,8,7.3233333333333333
703,2,8,7.99
704,5,8,8.99
705,9,8,7.99
706,7,8,8.3233333333333333
707,1,8,6.99
709,7,8,3.99
710,8,8,9.49
711,14,8,9.49
714,14,8,5.99
715,8,8,10.19
716,11,8,5.74
717,1,8,3.49
719,15,8,5.99
720,13,8,8.39
721,12,8,6.59
722,11,8,4.99
723,14,8,7.99
724,8,8,5.99
725,4,8,7.99
726,9,8,3.99
727,8,8,2.99
729,15,8,6.99
730,13,8,6.49
731,4,8,6.49
732,1,8,4.24
733,15,8,5.99
734,6,8,8.99
735,3,8,4.59
737,11,8,5.99
738,9,8,6.3233333333333333
739,7,8,9.99
740,11,8,5.99
741,12,8,2.99
743,2,8,2.3233333333333333
745,15,8,8.49
746,10,8,5.99
747,10,8,3.99
748,1,8,4.99
749,11,8,7.6566666666666667
750,13,8,6.99
751,13,8,3.99
752,12,8,3.3233333333333333
753,8,8,6.99
755,3,8,8.49
757,6,8,7.99
759,13,8,7.6566666666666667
760,13,8,6.74
762,10,8,3.99
763,15,8,9.99
764,15,8,10.99
765,5,8,5.99
766,7,8,4.99
767,12,8,7.3233333333333333
771,7,8,9.99
772,7,8,7.99
773,15,8,5.49
774,5,8,8.99
775,7,8,8.99
776,6,8,7.99
778,8,8,10.3233333333333333
780,8,8,6.99
783,16,8,5.99
784,16,8,4.99
785,16,8,7.6566666666666667
789,9,8,4.49
790,7,8,3.3233333333333333
791,6,8,10.49
794,1,8,3.99
795,8,8,1.99
796,15,8,6.99
798,14,8,9.99
799,11,8,6.99
800,11,8,4.99
803,7,8,5.99
804,11,8,6.79
805,2,8,8.99
806,13,8,6.99
807,10,8,5.99
808,4,8,4.99
809,15,8,3.99
810,8,8,4.49
811,16,8,7.99
814,5,8,7.99
815,4,8,7.49
816,2,8,6.6566666666666667
817,14,8,6.99
818,7,8,9.99
820,2,8,7.99
821,9,8,3.49
822,8,8,3.99
823,1,8,7.49
825,1,8,5.99
826,16,8,5.99
828,4,8,4.49
829,8,8,3.99
830,11,8,1.99
831,14,8,4.99
832,8,8,4.49
833,3,8,4.99
834,6,8,4.99
835,10,8,5.99
837,5,8,6.99
838,1,8,8.99
840,10,8,4.49
841,15,8,6.3233333333333333
842,10,8,7.49
843,4,8,9.99
844,15,8,7.49
845,9,8,5.99
846,13,8,9.99
849,2,8,3.99
850,1,8,2.6566666666666667
851,15,8,6.99
852,3,8,5.74
854,11,8,9.49
855,6,8,2.49
858,5,8,8.49
861,10,8,10.99
862,4,8,3.99
863,14,8,4.24
864,3,8,4.49
865,2,8,10.49
866,8,8,3.99
867,8,8,8.99
868,16,8,4.99
869,1,8,6.99
870,11,8,5.49
871,5,8,7.49
872,16,8,8.99
873,3,8,6.5614285714285714
875,15,8,2.99
877,12,8,5.49
878,16,8,10.99
879,12,8,10.59
880,2,8,5.6566666666666667
884,12,8,7.99
886,2,8,4.6566666666666667
888,6,8,7.99
890,15,8,4.99
891,4,8,6.39
892,2,8,10.6566666666666667
893,14,8,9.19
894,16,8,2.99
895,4,8,7.99
896,3,8,5.99
897,7,8,10.49
898,15,8,8.99
899,4,8,2.99
900,9,8,5.49
901,2,8,6.99
902,15,8,7.99
906,5,8,5.49
907,7,8,4.99
908,9,8,10.99
911,1,8,5.99
913,13,8,6.99
914,16,8,5.24
915,1,8,6.49
916,2,8,8.99
917,15,8,8.49
919,10,8,10.74
920,13,8,6.49
922,11,8,6.6566666666666667
923,7,8,3.99
924,14,8,2.99
925,6,8,6.99
926,6,8,6.99
927,1,8,4.99
929,9,8,8.99
930,14,8,7.99
932,5,8,6.74
935,13,8,3.99
936,12,8,7.99
938,5,8,9.99
939,5,8,7.99
940,15,8,2.99
941,10,8,8.99
942,7,8,2.99
944,7,8,7.99
945,6,8,4.6566666666666667
946,8,8,10.49
947,9,8,3.99
948,13,8,3.49
949,10,8,2.99
951,4,8,3.49
952,6,8,4.99
953,2,8,6.99
956,10,8,6.99
957,9,8,6.6566666666666667
958,7,8,5.99
959,3,8,5.99
960,6,8,6.49
961,9,8,5.99
962,4,8,4.3233333333333333
963,2,8,4.6566666666666667
964,1,8,9.99
965,11,8,3.99
966,6,8,6.3233333333333333
967,14,8,5.99
969,7,8,8.99
970,4,8,2.49
971,9,8,8.99
972,14,8,9.24
973,6,8,10.99
975,8,8,5.6566666666666667
976,10,8,2.99
978,5,8,5.99
979,7,8,7.99
980,12,8,9.99
981,16,8,2.99
985,14,8,9.3233333333333333
986,2,8,5.49
987,12,8,8.99
988,16,8,4.49
991,1,8,7.49
992,6,8,4.99
994,13,8,6.99
995,11,8,7.99
998,11,8,2.99
999,3,8,6.49
1000,5,8,9.99
1,6,9,3.99
3,6,9,4.99
5,8,9,5.99
6,9,9,8.99
7,5,9,7.99
8,11,9,7.99
9,11,9,8.99
10,15,9,7.99
12,12,9,3.99
15,9,9,6.99
16,9,9,6.99
17,12,9,6.99
18,2,9,3.99
19,1,9,3.99
20,12,9,9.99
21,1,9,10.99
24,11,9,5.99
25,13,9,8.99
27,15,9,2.99
28,5,9,8.99
29,1,9,6.99
30,11,9,7.99
31,8,9,8.99
35,11,9,7.99
39,14,9,5.99
40,6,9,6.99
42,15,9,6.99
43,8,9,5.99
44,14,9,8.99
45,13,9,8.99
46,10,9,10.99
48,3,9,10.99
49,14,9,5.99
51,12,9,6.99
55,14,9,5.99
58,6,9,5.99
59,3,9,7.99
60,4,9,10.99
65,11,9,10.99
66,3,9,3.99
68,3,9,8.99
69,14,9,8.99
70,2,9,6.99
71,8,9,10.99
72,6,9,5.99
73,14,9,6.99
75,16,9,7.99
77,13,9,8.99
78,2,9,5.99
81,14,9,7.99
83,8,9,6.99
90,13,9,6.99
91,4,9,4.99
95,13,9,8.99
97,1,9,2.99
98,7,9,10.49
99,5,9,4.99
100,9,9,6.99
101,6,9,6.99
102,15,9,9.99
104,9,9,8.99
105,1,9,3.99
107,7,9,7.99
111,1,9,7.49
112,9,9,9.99
114,14,9,6.99
115,1,9,6.99
118,2,9,3.49
119,5,9,3.99
120,15,9,10.99
127,5,9,9.99
129,6,9,8.99
130,1,9,2.99
131,4,9,8.99
132,14,9,3.99
133,12,9,6.99
135,15,9,8.99
138,14,9,6.99
139,8,9,7.24
140,14,9,3.99
141,10,9,7.99
142,6,9,6.99
143,7,9,4.49
149,3,9,2.99
153,14,9,3.49
158,12,9,5.99
159,5,9,8.99
162,1,9,7.99
164,6,9,5.99
168,3,9,4.99
169,16,9,9.99
170,9,9,8.99
172,7,9,6.99
173,7,9,6.99
175,8,9,8.99
176,15,9,3.99
181,16,9,4.99
183,8,9,9.99
184,4,9,8.99
187,15,9,6.99
189,10,9,6.99
190,4,9,8.99
191,3,9,3.99
193,2,9,6.99
194,1,9,3.99
197,15,9,7.99
200,10,9,3.3233333333333333
203,14,9,8.99
204,7,9,5.99
206,6,9,3.99
207,9,9,6.99
211,10,9,7.99
213,8,9,5.99
214,3,9,10.99
215,10,9,9.99
219,6,9,8.3233333333333333
222,11,9,9.99
224,16,9,6.99
226,13,9,9.99
227,10,9,9.99
228,4,9,5.99
229,1,9,7.99
231,8,9,4.99
232,10,9,4.99
233,16,9,6.99
234,14,9,6.49
238,3,9,7.99
239,2,9,8.99
240,14,9,4.99
242,5,9,5.99
244,12,9,8.99
245,2,9,5.99
246,9,9,8.99
247,5,9,7.99
251,13,9,7.99
252,1,9,6.49
253,1,9,8.99
254,15,9,7.99
255,12,9,7.99
256,15,9,7.99
258,11,9,4.99
262,8,9,4.99
263,15,9,7.99
265,5,9,8.99
266,4,9,5.99
267,13,9,9.99
268,2,9,7.99
269,8,9,6.99
270,13,9,2.99
271,1,9,8.99
272,7,9,8.99
273,8,9,4.99
274,6,9,7.99
275,11,9,7.6566666666666667
276,5,9,7.99
277,11,9,9.99
280,3,9,2.99
281,10,9,3.99
282,7,9,4.99
283,13,9,3.99
284,12,9,8.99
285,14,9,6.99
286,16,9,4.99
287,1,9,5.99
291,15,9,5.99
292,1,9,6.99
297,4,9,5.99
299,16,9,5.99
300,2,9,8.99
303,1,9,3.99
304,3,9,8.99
305,13,9,5.99
306,10,9,6.99
308,5,9,9.99
309,8,9,3.99
313,11,9,8.99
314,2,9,6.99
321,13,9,10.99
322,15,9,7.99
323,15,9,6.99
324,5,9,11.3233333333333333
326,2,9,5.99
327,1,9,10.99
328,3,9,5.49
329,1,9,7.99
330,2,9,7.3233333333333333
331,10,9,5.99
337,9,9,5.99
340,13,9,7.99
341,4,9,4.99
345,8,9,6.99
346,4,9,9.99
347,16,9,7.99
349,2,9,7.99
351,11,9,7.99
354,3,9,7.99
356,3,9,6.99
357,4,9,2.99
358,4,9,4.99
360,1,9,5.99
361,15,9,6.99
363,12,9,6.99
364,13,9,8.99
367,14,9,3.99
368,7,9,5.49
369,14,9,9.99
370,3,9,7.99
375,1,9,8.49
376,9,9,5.99
377,8,9,3.49
378,12,9,6.99
380,9,9,4.99
381,10,9,7.49
382,10,9,6.99
383,15,9,3.99
387,10,9,3.3233333333333333
388,5,9,4.99
389,15,9,8.99
390,14,9,9.99
391,8,9,6.99
392,3,9,9.99
395,1,9,5.99
397,14,9,6.99
400,6,9,4.99
403,7,9,9.6566666666666667
406,10,9,4.99
407,6,9,4.99
408,10,9,9.99
413,5,9,4.99
414,9,9,8.99
415,11,9,8.99
416,9,9,4.49
417,1,9,4.99
418,7,9,4.99
420,15,9,6.99
421,9,9,6.99
424,3,9,3.99
425,4,9,3.99
426,12,9,6.99
428,8,9,5.99
429,15,9,6.99
430,2,9,2.99
433,2,9,7.99
436,13,9,6.49
437,8,9,4.99
438,10,9,9.99
439,7,9,9.99
442,8,9,5.99
443,5,9,5.99
444,5,9,10.99
445,4,9,7.99
447,10,9,7.99
448,13,9,8.99
451,16,9,6.99
452,9,9,5.99
454,12,9,3.99
455,9,9,6.99
457,6,9,4.99
458,8,9,5.99
462,12,9,6.99
463,15,9,7.99
464,2,9,8.99
467,9,9,4.3233333333333333
468,3,9,6.99
470,2,9,10.99
471,4,9,4.99
476,8,9,6.99
480,4,9,8.99
481,13,9,7.99
483,10,9,8.99
484,4,9,9.49
485,3,9,8.3233333333333333
486,9,9,6.99
487,4,9,7.99
488,15,9,6.99
489,2,9,5.99
491,3,9,5.99
492,13,9,2.59
496,16,9,6.99
499,8,9,10.99
501,1,9,10.99
502,5,9,7.99
504,7,9,4.99
512,4,9,8.99
514,7,9,5.99
517,15,9,6.99
521,7,9,6.99
522,5,9,8.99
524,5,9,3.99
525,4,9,5.99
527,11,9,9.99
535,11,9,3.99
537,4,9,8.99
538,13,9,2.99
541,2,9,6.99
544,6,9,7.99
545,9,9,6.49
546,10,9,4.99
548,4,9,8.99
552,6,9,4.99
553,3,9,5.99
555,5,9,5.99
557,8,9,6.99
559,14,9,4.99
560,10,9,3.99
561,13,9,5.99
564,2,9,7.99
568,5,9,9.99
570,15,9,8.99
571,6,9,5.99
572,14,9,7.99
573,3,9,5.99
575,6,9,11.99
576,6,9,4.99
577,15,9,5.99
578,4,9,9.99
579,1,9,10.99
580,13,9,11.3233333333333333
581,12,9,5.99
586,1,9,5.99
589,6,9,6.99
591,10,9,7.99
592,12,9,5.99
593,11,9,4.49
595,9,9,2.99
596,10,9,9.99
597,10,9,8.99
599,15,9,7.24
601,16,9,5.99
602,14,9,4.99
603,8,9,7.99
604,5,9,6.99
606,15,9,6.99
608,3,9,5.99
609,16,9,4.99
611,4,9,7.3233333333333333
615,2,9,5.99
616,6,9,7.99
617,8,9,5.99
620,14,9,6.99
621,8,9,6.99
622,6,9,5.99
623,9,9,6.99
625,14,9,6.99
628,15,9,6.99
629,6,9,2.99
631,15,9,6.3233333333333333
633,4,9,7.99
636,12,9,4.99
638,5,9,4.99
641,9,9,5.99
644,2,9,4.99
645,16,9,5.3233333333333333
647,12,9,5.99
648,16,9,6.99
651,2,9,6.99
653,11,9,10.99
654,10,9,9.99
655,14,9,8.99
656,16,9,6.99
657,5,9,6.99
660,5,9,4.99
662,7,9,10.99
665,11,9,7.99
666,7,9,9.99
667,15,9,9.49
668,15,9,6.99
670,6,9,9.99
672,5,9,4.99
673,12,9,6.99
674,9,9,6.99
676,15,9,6.99
677,13,9,3.99
678,15,9,8.99
680,5,9,10.99
682,8,9,9.99
683,7,9,8.99
686,13,9,8.99
690,2,9,4.99
691,15,9,7.99
693,2,9,6.99
694,4,9,7.99
695,8,9,7.99
696,2,9,3.99
697,1,9,2.99
702,11,9,7.99
704,5,9,8.99
708,6,9,9.99
715,8,9,10.99
716,11,9,5.99
717,1,9,3.99
719,15,9,7.99
722,11,9,4.99
723,14,9,8.99
724,8,9,6.99
725,4,9,7.99
728,7,9,6.99
729,15,9,6.99
730,13,9,6.99
733,15,9,5.99
736,8,9,6.99
737,11,9,5.99
738,9,9,7.24
740,11,9,6.99
743,2,9,3.49
744,4,9,5.99
745,15,9,8.99
746,10,9,6.99
750,13,9,6.99
753,8,9,6.99
757,6,9,7.99
758,7,9,7.99
759,13,9,7.99
763,15,9,10.99
764,15,9,10.99
765,5,9,7.99
771,7,9,11.99
773,15,9,5.99
776,6,9,7.99
777,15,9,8.99
779,15,9,9.99
782,15,9,5.99
783,16,9,6.99
786,3,9,2.99
787,16,9,6.99
789,9,9,4.99
790,7,9,3.99
792,9,9,4.99
793,1,9,6.49
796,15,9,7.99
798,14,9,9.99
800,11,9,4.99
803,7,9,6.99
804,11,9,7.99
807,10,9,5.99
810,8,9,4.99
811,16,9,7.99
813,15,9,2.99
814,5,9,7.99
816,2,9,6.99
818,7,9,9.99
819,12,9,6.99
820,2,9,8.99
825,1,9,5.99
826,16,9,7.99
827,7,9,8.99
832,8,9,5.49
833,3,9,4.99
835,10,9,5.99
840,10,9,4.99
841,15,9,6.99
843,4,9,9.99
844,15,9,7.99
845,9,9,7.99
846,13,9,11.3233333333333333
847,13,9,5.99
849,2,9,3.99
850,1,9,2.99
851,15,9,6.99
853,3,9,10.99
854,11,9,9.99
855,6,9,2.99
856,11,9,8.99
857,5,9,8.99
861,10,9,10.99
862,4,9,4.99
865,2,9,10.99
867,8,9,8.99
870,11,9,6.24
871,5,9,7.99
872,16,9,8.99
873,3,9,6.99
875,15,9,3.99
876,11,9,8.99
878,16,9,10.99
879,12,9,10.99
880,2,9,6.99
881,11,9,8.99
884,12,9,8.99
886,2,9,4.99
887,2,9,8.99
888,6,9,9.3233333333333333
889,3,9,11.99
890,15,9,4.99
891,4,9,7.99
893,14,9,9.99
897,7,9,10.99
898,15,9,9.99
901,2,9,6.99
902,15,9,8.49
905,5,9,6.99
906,5,9,5.99
908,9,9,11.99
911,1,9,6.99
915,1,9,6.99
917,15,9,8.99
919,10,9,10.99
920,13,9,6.99
921,12,9,4.99
922,11,9,6.99
923,7,9,4.99
924,14,9,2.99
930,14,9,8.99
931,16,9,2.99
932,5,9,7.99
934,10,9,7.3233333333333333
936,12,9,8.99
941,10,9,9.99
942,7,9,2.99
945,6,9,4.99
946,8,9,10.99
948,13,9,3.99
949,10,9,3.99
951,4,9,3.99
952,6,9,4.99
953,2,9,6.99
958,7,9,5.99
961,9,9,6.99
963,2,9,4.99
964,1,9,9.99
965,11,9,3.99
966,6,9,6.99
968,1,9,7.99
969,7,9,9.99
970,4,9,2.99
971,9,9,9.99
973,6,9,10.99
976,10,9,3.99
979,7,9,7.99
981,16,9,2.99
982,1,9,5.99
984,9,9,8.99
985,14,9,10.3233333333333333
986,2,9,6.49
987,12,9,8.99
988,16,9,4.99
989,16,9,9.99
990,11,9,6.99
991,1,9,7.99
994,13,9,7.99
995,11,9,8.99
999,3,9,6.99
1000,5,9,10.99
