customer_id,month,customer_monthly_average,monthly_average
1,2,4.56,4.14
1,3,2.9,4.23
1,4,4.24,4.23
2,2,2.99,4.14
2,3,4.08,4.23
2,4,5.42,4.23
3,2,6.49,4.14
3,3,5.13,4.23
3,4,5.3,4.23
4,2,2.82,4.14
4,3,3.9,4.23
4,4,4.39,4.23
5,2,3.99,4.14
5,3,4.14,4.23
5,4,3.74,4.23
5,5,0.99,2.83
6,2,2.24,4.14
6,3,4.07,4.23
6,4,2.99,4.23
7,2,2.19,4.14
7,3,4.99,4.23
7,4,5.44,4.23
8,2,4.66,4.14
8,3,4.49,4.23
8,4,2.99,4.23
9,2,6.49,4.14
9,3,3.99,4.23
9,4,3.21,4.23
9,5,4.99,2.83
10,2,3.19,4.14
10,3,4.12,4.23
10,4,4.17,4.23
11,2,5.32,4.14
11,3,3.62,4.23
11,4,4.9,4.23
11,5,0.99,2.83
12,2,4.49,4.14
12,3,3.85,4.23
12,4,3.07,4.23
13,2,4.99,4.14
13,3,4.99,4.23
13,4,4.76,4.23
14,2,4.99,4.14
14,3,3.99,4.23
14,4,4.24,4.23
14,5,4.99,2.83
15,2,3.32,4.14
15,3,4.43,4.23
15,4,4.55,4.23
15,5,1.99,2.83
16,2,5.19,4.14
16,3,4.89,4.23
16,4,3.49,4.23
17,2,6.99,4.14
17,3,3.82,4.23
17,4,4.88,4.23
18,2,6.49,4.14
18,3,3.16,4.23
18,4,3.77,4.23
19,2,2.99,4.14
19,3,6.1,4.23
19,4,5.82,4.23
20,2,3.74,4.14
20,3,3.53,4.23
20,4,4.29,4.23
21,2,6.39,4.14
21,3,4.7,4.23
21,4,3.55,4.23
21,5,2.99,2.83
22,2,2.99,4.14
22,3,5.49,4.23
22,4,4.56,4.23
22,5,4.99,2.83
23,2,3.39,4.14
23,3,3.24,4.23
23,4,4.68,4.23
23,5,2.99,2.83
24,2,4.99,4.14
24,3,3.77,4.23
24,4,2.99,4.23
25,2,5.66,4.14
25,3,3.43,4.23
25,4,3.32,4.23
26,2,5.99,4.14
26,3,4.82,4.23
26,4,3.61,4.23
27,2,3.87,4.14
27,3,4.59,4.23
27,4,3.91,4.23
28,2,2.79,4.14
28,3,3.69,4.23
28,4,3.7,4.23
28,5,2.99,2.83
29,2,3.13,4.14
29,3,4.3,4.23
29,4,4.26,4.23
29,5,0.99,2.83
30,2,3.24,4.14
30,3,3.35,4.23
30,4,3.88,4.23
31,2,3.26,4.14
31,3,4.99,4.23
31,4,4.44,4.23
32,2,3.99,4.14
32,3,5.42,4.23
32,4,3.92,4.23
33,2,9.99,4.14
33,3,4.21,4.23
33,4,3.74,4.23
33,5,0.99,2.83
34,2,3.99,4.14
34,3,3.66,4.23
34,4,3.77,4.23
35,2,2.99,4.14
35,3,3.99,4.23
35,4,4.3,4.23
36,2,0.99,4.14
36,3,4.44,4.23
36,4,3.14,4.23
37,2,3.66,4.14
37,3,3.66,4.23
37,4,6.16,4.23
38,2,3.19,4.14
38,3,4.17,4.23
38,4,3.66,4.23
39,2,4.49,4.14
39,3,5.12,4.23
39,4,4.92,4.23
40,2,4.24,4.14
40,3,4.35,4.23
40,4,3.72,4.23
41,2,6.49,4.14
41,3,4.56,4.23
41,4,4.72,4.23
41,5,2.99,2.83
42,2,3.24,4.14
42,3,4.42,4.23
42,4,3.87,4.23
42,5,2.99,2.83
43,2,4.99,4.14
43,3,4.7,4.23
43,4,3.99,4.23
43,5,1.99,2.83
44,2,3.99,4.14
44,3,4.49,4.23
44,4,5.39,4.23
44,5,4.99,2.83
45,2,3.59,4.14
45,3,5.74,4.23
45,4,4.21,4.23
46,2,4.7,4.14
46,3,4.12,4.23
46,4,4.12,4.23
47,2,5.99,4.14
47,3,4.49,4.23
47,4,4.79,4.23
48,2,5.49,4.14
48,3,2.99,4.23
48,4,5.62,4.23
49,2,4.79,4.14
49,3,3.82,4.23
49,4,5.37,4.23
50,2,2.99,4.14
50,3,5.77,4.23
50,4,4.75,4.23
51,2,1.49,4.14
51,3,3.87,4.23
51,4,4.91,4.23
52,2,3.49,4.14
52,3,3.54,4.23
52,4,4.07,4.23
52,5,4.99,2.83
53,2,2.19,4.14
53,3,3.79,4.23
53,4,4.56,4.23
53,5,3.99,2.83
54,2,4.99,4.14
54,3,4.63,4.23
54,4,3.74,4.23
55,2,3.79,4.14
55,3,4.13,4.23
55,4,5.28,4.23
56,2,3.49,4.14
56,3,4.91,4.23
56,4,4.21,4.23
56,5,4.99,2.83
57,2,4.19,4.14
57,3,4.82,4.23
57,4,3.32,4.23
58,2,2.32,4.14
58,3,5.35,4.23
58,4,4.32,4.23
58,5,0.99,2.83
59,2,3.66,4.14
59,3,4.79,4.23
59,4,5.54,4.23
60,2,4.99,4.14
60,3,4.09,4.23
60,4,3.49,4.23
60,5,4.99,2.83
61,3,3.56,4.23
61,4,5.49,4.23
62,2,3.56,4.14
62,3,4.1,4.23
62,4,3.39,4.23
63,2,0.99,4.14
63,3,4.69,4.23
63,4,4.63,4.23
64,2,1.99,4.14
64,3,3.13,4.23
64,4,3.04,4.23
64,5,4.99,2.83
65,2,6.49,4.14
65,3,5.21,4.23
65,4,4.21,4.23
66,2,4.28,4.14
66,3,3.76,4.23
66,4,4.68,4.23
67,2,3.49,4.14
67,3,5.24,4.23
67,4,3.87,4.23
68,2,5.19,4.14
68,3,3.56,4.23
68,4,4.39,4.23
69,2,3.99,4.14
69,3,3.66,4.23
69,4,4.35,4.23
69,5,0.99,2.83
70,2,4.99,4.14
70,3,4.88,4.23
70,4,3.85,4.23
71,2,4.66,4.14
71,3,4.56,4.23
71,4,3.93,4.23
72,2,4.99,4.14
72,3,2.93,4.23
72,4,3.69,4.23
73,2,2.99,4.14
73,3,3.77,4.23
73,4,4.69,4.23
73,5,2.99,2.83
74,2,3.24,4.14
74,3,2.99,4.23
74,4,4.79,4.23
75,2,5.99,4.14
75,3,3.63,4.23
75,4,3.54,4.23
75,5,2.99,2.83
76,2,2.16,4.14
76,3,5.99,4.23
76,4,2.88,4.23
77,2,4.39,4.14
77,3,4.29,4.23
77,4,2.62,4.23
78,2,5.99,4.14
78,3,5.06,4.23
78,4,3.78,4.23
79,2,3.99,4.14
79,3,2.99,4.23
79,4,4.14,4.23
80,2,5.32,4.14
80,3,4.06,4.23
80,4,5.16,4.23
80,5,2.99,2.83
81,2,4.32,4.14
81,3,4.66,4.23
81,4,3.99,4.23
82,2,4.19,4.14
82,3,4.12,4.23
82,4,5.9,4.23
83,2,5.24,4.14
83,3,4.87,4.23
83,4,3.55,4.23
83,5,4.99,2.83
84,2,2.49,4.14
84,3,4.07,4.23
84,4,5.41,4.23
85,2,3.32,4.14
85,3,3.7,4.23
85,4,3.37,4.23
86,2,3.56,4.14
86,3,4.37,4.23
86,4,5.41,4.23
87,2,5.19,4.14
87,3,4.49,4.23
87,4,5.16,4.23
87,5,4.99,2.83
88,2,4.66,4.14
88,3,4.32,4.23
88,4,4.08,4.23
89,2,6.19,4.14
89,3,3.56,4.23
89,4,4.05,4.23
90,2,2.99,4.14
90,3,3.49,4.23
90,4,4.61,4.23
91,2,3.24,4.14
91,3,2.99,4.23
91,4,3.15,4.23
91,5,4.99,2.83
92,2,4.99,4.14
92,3,3.62,4.23
92,4,5.26,4.23
93,2,2.99,4.14
93,3,4.07,4.23
93,4,3.66,4.23
94,2,3.99,4.14
94,3,2.99,4.23
94,4,4.13,4.23
94,5,4.99,2.83
95,2,2.24,4.14
95,3,4.99,4.23
95,4,4.88,4.23
96,2,3.13,4.14
96,3,4.24,4.23
96,4,4.16,4.23
97,2,2.99,4.14
97,3,2.99,4.23
97,4,3.41,4.23
98,2,4.32,4.14
98,3,3.99,4.23
98,4,4.55,4.23
99,2,3.99,4.14
99,3,4.99,4.23
99,4,3.79,4.23
99,5,0.99,2.83
100,2,4.74,4.14
100,3,2.39,4.23
100,4,5.37,4.23
100,5,0.99,2.83
101,3,3.43,4.23
101,4,4.22,4.23
101,5,0.99,2.83
102,2,5.99,4.14
102,3,4.7,4.23
102,4,4.04,4.23
103,2,1.99,4.14
103,3,5.19,4.23
103,4,4.59,4.23
104,2,2.24,4.14
104,3,2.99,4.23
104,4,4.49,4.23
105,2,3.99,4.14
105,3,3.66,4.23
105,4,4.89,4.23
106,2,4.99,4.14
106,3,4.37,4.23
106,4,4.63,4.23
107,2,3.56,4.14
107,3,5.19,4.23
107,4,4.42,4.23
107,5,0.99,2.83
108,2,4.99,4.14
108,3,4.99,4.23
108,4,3.99,4.23
108,5,4.99,2.83
109,2,5.19,4.14
109,3,4.49,4.23
109,4,3.37,4.23
110,2,8.99,4.14
110,3,4.49,4.23
110,4,3.28,4.23
111,2,3.82,4.14
111,3,4.32,4.23
111,4,3.32,4.23
111,5,2.99,2.83
112,2,3.99,4.14
112,3,4.84,4.23
112,4,4.63,4.23
113,2,4.66,4.14
113,3,3.88,4.23
113,4,4.07,4.23
114,2,4.99,4.14
114,3,3.99,4.23
114,4,4.12,4.23
114,5,4.99,2.83
115,2,3.66,4.14
115,3,2.74,4.23
115,4,3.39,4.23
115,5,2.99,2.83
116,2,3.49,4.14
116,3,4.39,4.23
116,4,4.19,4.23
117,2,2.99,4.14
117,3,3.69,4.23
117,4,5.39,4.23
118,2,3.66,4.14
118,3,4.66,4.23
118,4,3.44,4.23
119,2,5.66,4.14
119,3,4.32,4.23
119,4,4.49,4.23
120,2,4.99,4.14
120,3,5.09,4.23
120,4,3.76,4.23
120,5,4.99,2.83
121,2,2.49,4.14
121,3,4.85,4.23
121,4,3.55,4.23
122,2,3.7,4.14
122,3,4.12,4.23
122,4,4.12,4.23
123,2,2.99,4.14
123,3,4.62,4.23
123,4,4.59,4.23
124,2,1.99,4.14
124,3,3.59,4.23
124,4,4.74,4.23
125,2,4.99,4.14
125,3,4.17,4.23
125,4,4.12,4.23
126,2,2.99,4.14
126,3,4.63,4.23
126,4,3.76,4.23
127,2,3.99,4.14
127,3,4.9,4.23
127,4,4.99,4.23
128,2,4.49,4.14
128,3,3.66,4.23
128,4,4.12,4.23
129,2,3.32,4.14
129,3,3.76,4.23
129,4,3.72,4.23
130,2,3.66,4.14
130,3,4.24,4.23
130,4,3.99,4.23
131,2,7.49,4.14
131,3,3.68,4.23
131,4,4.16,4.23
132,2,3.32,4.14
132,3,3.87,4.23
132,4,3.2,4.23
133,2,3.49,4.14
133,3,3.37,4.23
133,4,3.68,4.23
134,2,4.49,4.14
134,3,4.55,4.23
134,4,3.16,4.23
135,2,1.99,4.14
135,3,3.59,4.23
135,4,4.13,4.23
135,5,0.99,2.83
136,2,2.99,4.14
136,3,4.56,4.23
136,4,4.16,4.23
137,2,4.99,4.14
137,3,4.99,4.23
137,4,5.1,4.23
138,2,3.32,4.14
138,3,3.37,4.23
138,4,3.3,4.23
139,2,3.74,4.14
139,3,4.26,4.23
139,4,4.32,4.23
140,2,3.99,4.14
140,3,5.42,4.23
140,4,4.28,4.23
141,2,6.99,4.14
141,3,3.81,4.23
141,4,3.81,4.23
142,2,2.49,4.14
142,3,2.69,4.23
142,4,4.19,4.23
142,5,0.99,2.83
143,2,3.39,4.14
143,3,5.49,4.23
143,4,3.77,4.23
144,2,3.82,4.14
144,3,4.55,4.23
144,4,5.21,4.23
145,2,2.99,4.14
145,3,4.59,4.23
145,4,3.72,4.23
146,2,3.7,4.14
146,3,4.91,4.23
146,4,5.28,4.23
147,2,4.24,4.14
147,3,5.12,4.23
147,4,2.45,4.23
148,2,4.59,4.14
148,3,4.88,4.23
148,4,4.58,4.23
149,2,4.7,4.14
149,3,4.13,4.23
149,4,4.99,4.23
150,2,3.99,4.14
150,3,4.3,4.23
150,4,4.49,4.23
151,2,2.79,4.14
151,3,3.79,4.23
151,4,2.99,4.23
152,2,4.99,4.14
152,3,3.44,4.23
152,4,4.32,4.23
152,5,4.99,2.83
153,2,3.24,4.14
153,3,4.19,4.23
153,4,3.99,4.23
154,2,2.99,4.14
154,3,4.59,4.23
154,4,3.99,4.23
155,2,5.59,4.14
155,3,3.99,4.23
155,4,4.29,4.23
155,5,3.99,2.83
156,2,4.24,4.14
156,3,3.79,4.23
156,4,3.88,4.23
157,2,0.99,4.14
157,3,4.89,4.23
157,4,3.21,4.23
158,2,5.49,4.14
158,3,3.68,4.23
158,4,3.53,4.23
159,2,0.99,4.14
159,3,3.59,4.23
159,4,3.89,4.23
160,2,3.66,4.14
160,3,4.46,4.23
160,4,3.21,4.23
161,2,3.49,4.14
161,3,3.82,4.23
161,4,4.19,4.23
162,2,2.59,4.14
162,3,3.24,4.23
162,4,4.7,4.23
162,5,0.99,2.83
163,2,4.99,4.14
163,3,4.39,4.23
163,4,3.72,4.23
163,5,3.99,2.83
164,2,5.66,4.14
164,3,4.49,4.23
164,4,3.89,4.23
165,2,3.49,4.14
165,3,4.16,4.23
165,4,4.16,4.23
166,2,3.49,4.14
166,3,5.09,4.23
166,4,4.37,4.23
167,2,5.32,4.14
167,3,3.99,4.23
167,4,3.26,4.23
168,2,4.99,4.14
168,3,4.07,4.23
168,4,4.17,4.23
168,5,0.99,2.83
169,2,3.99,4.14
169,3,3.62,4.23
169,4,4.99,4.23
170,2,4.99,4.14
170,3,4.77,4.23
170,4,4.74,4.23
171,2,4.7,4.14
171,3,4.21,4.23
171,4,3.77,4.23
172,2,1.32,4.14
172,3,4.53,4.23
172,4,5.06,4.23
173,2,3.39,4.14
173,3,4.62,4.23
173,4,4.13,4.23
174,2,4.24,4.14
174,3,3.99,4.23
174,4,4.7,4.23
175,2,2.99,4.14
175,3,4.66,4.23
175,4,4.26,4.23
175,5,1.99,2.83
176,2,5.37,4.14
176,3,4.41,4.23
176,4,4.66,4.23
177,2,2.99,4.14
177,3,3.08,4.23
177,4,3.28,4.23
178,2,5.62,4.14
178,3,4.91,4.23
178,4,4.77,4.23
178,5,4.99,2.83
179,2,6.49,4.14
179,3,3.89,4.23
179,4,4.92,4.23
180,2,2.99,4.14
180,3,4.88,4.23
180,4,4.09,4.23
180,5,4.99,2.83
181,2,4.99,4.14
181,3,4.49,4.23
181,4,6.07,4.23
181,5,2.99,2.83
182,2,3.49,4.14
182,3,4.87,4.23
182,4,3.32,4.23
183,2,3.74,4.14
183,3,3.7,4.23
183,4,3.17,4.23
184,2,1.99,4.14
184,3,4.43,4.23
184,4,4.1,4.23
185,2,4.99,4.14
185,3,2.79,4.23
185,4,4.24,4.23
186,2,4.32,4.14
186,3,3.99,4.23
186,4,3.37,4.23
186,5,2.99,2.83
187,2,3.42,4.14
187,3,7.1,4.23
187,4,5.81,4.23
188,2,3.49,4.14
188,3,3.66,4.23
188,4,3.99,4.23
188,5,2.99,2.83
189,2,2.79,4.14
189,3,5.99,4.23
189,4,3.79,4.23
190,2,3.99,4.14
190,3,4.16,4.23
190,4,3.99,4.23
190,5,4.99,2.83
191,2,2.99,4.14
191,3,3.99,4.23
191,4,4.43,4.23
191,5,0.99,2.83
192,2,3.99,4.14
192,3,5.29,4.23
192,4,3.59,4.23
192,5,4.99,2.83
193,2,5.99,4.14
193,3,3.89,4.23
193,4,4.66,4.23
193,5,2.99,2.83
194,2,3.99,4.14
194,3,4.82,4.23
194,4,5.19,4.23
195,3,4.87,4.23
195,4,4.35,4.23
196,2,3.99,4.14
196,3,3.49,4.23
196,4,4.59,4.23
197,2,3.99,4.14
197,3,4.12,4.23
197,4,4.49,4.23
198,2,0.99,4.14
198,3,4.43,4.23
198,4,3.52,4.23
199,2,2.99,4.14
199,3,3.99,4.23
199,4,4.3,4.23
199,5,2.99,2.83
200,2,4.56,4.14
200,3,6.74,4.23
200,4,3.79,4.23
200,5,2.99,2.83
201,2,5.19,4.14
201,3,4.07,4.23
201,4,3.39,4.23
202,2,2.49,4.14
202,3,4.55,4.23
202,4,4.07,4.23
203,2,4.74,4.14
203,3,3.49,4.23
203,4,5.85,4.23
204,2,5.32,4.14
204,3,4.9,4.23
204,4,3.49,4.23
205,2,3.74,4.14
205,3,3.32,4.23
205,4,5.74,4.23
206,2,3.99,4.14
206,3,4.9,4.23
206,4,4.68,4.23
207,2,3.99,4.14
207,3,4.74,4.23
207,4,3.92,4.23
208,2,2.39,4.14
208,3,4.39,4.23
208,4,3.61,4.23
208,5,2.99,2.83
209,2,4.99,4.14
209,3,5.62,4.23
209,4,4.87,4.23
210,2,1.99,4.14
210,3,5.69,4.23
210,4,4.1,4.23
211,2,7.99,4.14
211,3,4.49,4.23
211,4,3.93,4.23
211,5,4.99,2.83
212,2,3.74,4.14
212,3,3.99,4.23
212,4,5.85,4.23
213,2,3.99,4.14
213,3,3.99,4.23
213,4,4.32,4.23
213,5,2.99,2.83
214,2,3.66,4.14
214,3,3.85,4.23
214,4,4.49,4.23
214,5,2.99,2.83
215,2,3.99,4.14
215,3,2.49,4.23
215,4,4.56,4.23
215,5,0.99,2.83
216,2,3.19,4.14
216,3,3.99,4.23
216,4,5.49,4.23
216,5,2.99,2.83
217,2,4.99,4.14
217,3,4.21,4.23
217,4,3.77,4.23
218,2,1.66,4.14
218,3,3.56,4.23
218,4,4.74,4.23
219,2,2.49,4.14
219,3,3.7,4.23
219,4,4.32,4.23
219,5,4.99,2.83
220,2,0.99,4.14
220,3,4.07,4.23
220,4,4.99,4.23
221,2,4.79,4.14
221,3,4.49,4.23
221,4,4.91,4.23
222,2,7.99,4.14
222,3,2.99,4.23
222,4,4.26,4.23
223,2,5.49,4.14
223,3,4.85,4.23
223,4,4.7,4.23
224,2,5.32,4.14
224,3,3.29,4.23
224,4,3.1,4.23
225,2,7.99,4.14
225,3,3.82,4.23
225,4,4.75,4.23
226,2,3.99,4.14
226,3,3.79,4.23
226,4,4.66,4.23
227,2,3.24,4.14
227,3,3.19,4.23
227,4,3.74,4.23
227,5,4.99,2.83
228,2,3.49,4.14
228,3,3.49,4.23
228,4,3.66,4.23
228,5,1.99,2.83
229,2,3.74,4.14
229,3,3.99,4.23
229,4,3.84,4.23
229,5,0.99,2.83
230,2,3.49,4.14
230,3,3.89,4.23
230,4,3.92,4.23
231,2,0.99,4.14
231,3,4.63,4.23
231,4,3.35,4.23
232,2,4.99,4.14
232,3,2.7,4.23
232,4,4.13,4.23
233,2,3.49,4.14
233,3,3.32,4.23
233,4,4.3,4.23
234,2,4.62,4.14
234,3,4.14,4.23
234,4,4.99,4.23
234,5,0.99,2.83
235,2,2.99,4.14
235,3,3.49,4.23
235,4,4.19,4.23
236,2,4.74,4.14
236,3,5.39,4.23
236,4,3.69,4.23
236,5,0.99,2.83
237,2,2.59,4.14
237,3,5.54,4.23
237,4,4.32,4.23
238,2,3.66,4.14
238,3,4.7,4.23
238,4,4.77,4.23
239,2,4.79,4.14
239,3,3.26,4.23
239,4,4.07,4.23
240,2,4.99,4.14
240,3,4.99,4.23
240,4,4.32,4.23
241,2,2.39,4.14
241,3,3.74,4.23
241,4,3.59,4.23
242,2,4.99,4.14
242,3,4.28,4.23
242,4,4.32,4.23
243,2,4.32,4.14
243,3,2.7,4.23
243,4,3.53,4.23
244,2,5.66,4.14
244,3,3.82,4.23
244,4,3.92,4.23
244,5,4.99,2.83
245,2,2.99,4.14
245,3,3.16,4.23
245,4,4.55,4.23
245,5,2.99,2.83
246,2,2.59,4.14
246,3,5.16,4.23
246,4,4.7,4.23
247,2,5.99,4.14
247,3,4.44,4.23
247,4,4.85,4.23
248,2,2.49,4.14
248,3,2.79,4.23
248,4,3.16,4.23
249,2,3.99,4.14
249,3,3.49,4.23
249,4,5.99,4.23
250,2,4.99,4.14
250,3,4.28,4.23
250,4,2.85,4.23
251,2,5.99,4.14
251,3,3.99,4.23
251,4,3.81,4.23
251,5,0.99,2.83
252,2,3.99,4.14
252,3,3.49,4.23
252,4,2.09,4.23
252,5,4.99,2.83
253,2,4.99,4.14
253,3,4.81,4.23
253,4,3.77,4.23
254,2,2.79,4.14
254,3,3.16,4.23
254,4,4.3,4.23
255,2,3.99,4.14
255,3,4.42,4.23
255,4,3.42,4.23
256,2,4.42,4.14
256,3,4.49,4.23
256,4,2.16,4.23
257,2,2.99,4.14
257,3,3.42,4.23
257,4,4.93,4.23
258,2,4.32,4.14
258,3,4.81,4.23
258,4,4.49,4.23
259,2,6.24,4.14
259,3,4.74,4.23
259,4,5.39,4.23
260,2,4.37,4.14
260,3,4.19,4.23
260,4,3.07,4.23
261,2,3.99,4.14
261,3,4.21,4.23
261,4,4.13,4.23
262,2,5.24,4.14
262,3,3.82,4.23
262,4,4.35,4.23
263,2,5.49,4.14
263,3,5.54,4.23
263,4,3.37,4.23
263,5,0.99,2.83
264,2,3.49,4.14
264,3,3.74,4.23
264,4,4.32,4.23
264,5,2.99,2.83
265,2,5.32,4.14
265,3,5.1,4.23
265,4,4.43,4.23
266,2,5.24,4.14
266,3,4.23,4.23
266,4,4.19,4.23
267,2,4.32,4.14
267,3,4.54,4.23
267,4,4.17,4.23
267,5,3.99,2.83
268,3,4.77,4.23
268,4,4.49,4.23
269,3,4.59,4.23
269,4,5.21,4.23
269,5,1.99,2.83
270,3,3.74,4.23
270,4,4.42,4.23
271,3,3.7,4.23
271,4,3.43,4.23
272,3,4.13,4.23
272,4,6.16,4.23
273,3,4.84,4.23
273,4,4.52,4.23
274,3,4.37,4.23
274,4,4.59,4.23
274,5,0.99,2.83
275,3,3.74,4.23
275,4,3.66,4.23
276,3,4.07,4.23
276,4,4.17,4.23
277,3,5.16,4.23
277,4,3.91,4.23
278,3,2.82,4.23
278,4,4.21,4.23
279,3,4.78,4.23
279,4,4.77,4.23
279,5,4.99,2.83
280,3,5.74,4.23
280,4,3.17,4.23
281,3,2.49,4.23
281,4,3.49,4.23
282,3,3.49,4.23
282,4,4.32,4.23
282,5,0.99,2.83
283,3,2.99,4.23
283,4,2.99,4.23
284,3,5.24,4.23
284,4,5.07,4.23
284,5,2.99,2.83
285,3,4.89,4.23
285,4,5.3,4.23
286,3,2.85,4.23
286,4,4.52,4.23
287,3,3.89,4.23
287,4,3.72,4.23
287,5,0.99,2.83
288,3,2.99,4.23
288,4,2.55,4.23
289,3,4.57,4.23
289,4,4.16,4.23
290,3,3.85,4.23
290,4,3.59,4.23
291,3,4.19,4.23
291,4,4.41,4.23
292,3,4.66,4.23
292,4,4.68,4.23
293,3,5.54,4.23
293,4,4.69,4.23
294,3,4.72,4.23
294,4,4.49,4.23
295,3,4.49,4.23
295,4,4.67,4.23
295,5,0.99,2.83
296,3,4.59,4.23
296,4,4.57,4.23
296,5,2.99,2.83
297,3,3.91,4.23
297,4,3.76,4.23
298,3,4.17,4.23
298,4,3.29,4.23
299,3,4.32,4.23
299,4,3.82,4.23
300,3,5.35,4.23
300,4,4.28,4.23
300,5,4.99,2.83
301,3,4.59,4.23
301,4,4.89,4.23
302,3,4.17,4.23
302,4,4.52,4.23
303,3,3.43,4.23
303,4,3.99,4.23
304,3,3.85,4.23
304,4,4.41,4.23
305,3,4.29,4.23
305,4,4.49,4.23
306,3,4.53,4.23
306,4,4.06,4.23
307,3,4.28,4.23
307,4,4.84,4.23
308,3,4.14,4.23
308,4,4.66,4.23
309,3,4.1,4.23
309,4,4.8,4.23
310,3,5.39,4.23
310,4,5.24,4.23
311,3,4.99,4.23
311,4,5.74,4.23
312,3,3.66,4.23
312,4,4.44,4.23
313,3,4.32,4.23
313,4,3.56,4.23
314,3,4.17,4.23
314,4,3.77,4.23
315,3,3.39,4.23
315,4,5.99,4.23
315,5,2.99,2.83
316,3,3.56,4.23
316,4,4.66,4.23
317,3,4.08,4.23
317,4,4.24,4.23
317,5,0.99,2.83
318,3,2.99,4.23
318,4,4.16,4.23
319,3,4.55,4.23
319,4,4.41,4.23
320,3,1.99,4.23
320,4,3.63,4.23
321,3,6.13,4.23
321,4,5.09,4.23
322,3,5.13,4.23
322,4,3.82,4.23
323,3,3.29,4.23
323,4,3.92,4.23
324,3,4.87,4.23
324,4,4.14,4.23
324,5,2.99,2.83
325,3,3.87,4.23
325,4,4.19,4.23
326,3,2.99,4.23
326,4,3.91,4.23
327,3,4.53,4.23
327,4,2.59,4.23
327,5,2.99,2.83
328,3,3.72,4.23
328,4,4.16,4.23
329,3,4.59,4.23
329,4,4.07,4.23
330,3,3.19,4.23
330,4,3.49,4.23
330,5,2.99,2.83
331,3,3.88,4.23
331,4,5.45,4.23
332,3,3.21,4.23
332,4,4.64,4.23
333,3,4.21,4.23
333,4,3.99,4.23
334,3,4.16,4.23
334,4,4.82,4.23
334,5,0.99,2.83
335,3,2.82,4.23
335,4,3.72,4.23
335,5,0.99,2.83
336,3,4.43,4.23
336,4,4.41,4.23
336,5,0.99,2.83
337,3,4.35,4.23
337,4,5.24,4.23
337,5,0.99,2.83
338,3,3.79,4.23
338,4,4.09,4.23
339,3,3.9,4.23
339,4,4.07,4.23
340,3,3.78,4.23
340,4,3.43,4.23
341,2,5.82,4.14
341,3,4.32,4.23
341,4,4.28,4.23
342,2,4.99,4.14
342,3,4.11,4.23
342,4,3.82,4.23
343,2,4.42,4.14
343,3,2.99,4.23
343,4,6.1,4.23
344,2,3.32,4.14
344,3,3.7,4.23
344,4,4.82,4.23
345,2,2.99,4.14
345,3,5.66,4.23
345,4,5.35,4.23
346,2,3.99,4.14
346,3,4.16,4.23
346,4,5.59,4.23
347,2,6.39,4.14
347,3,5.62,4.23
347,4,3.87,4.23
348,2,4.32,4.14
348,3,4.06,4.23
348,4,4.43,4.23
349,2,4.99,4.14
349,3,5.9,4.23
349,4,3.82,4.23
349,5,2.99,2.83
350,2,2.24,4.14
350,3,3.32,4.23
350,4,3.12,4.23
351,2,3.32,4.14
351,3,3.85,4.23
351,4,3.91,4.23
352,2,4.19,4.14
352,3,4.13,4.23
352,4,4.88,4.23
352,5,2.99,2.83
353,2,5.99,4.14
353,3,3.21,4.23
353,4,3.79,4.23
354,2,3.99,4.14
354,3,4.24,4.23
354,4,3.57,4.23
354,5,3.99,2.83
355,2,1.99,4.14
355,3,2.19,4.23
355,4,4.81,4.23
355,5,0.99,2.83
356,2,2.99,4.14
356,3,4.37,4.23
356,4,3.91,4.23
357,2,4.24,4.14
357,3,2.99,4.23
357,4,3.57,4.23
358,2,3.16,4.14
358,3,5.66,4.23
358,4,2.87,4.23
359,2,3.24,4.14
359,3,3.49,4.23
359,4,4.43,4.23
359,5,4.99,2.83
360,2,4.74,4.14
360,3,5.08,4.23
360,4,4.11,4.23
361,2,3.24,4.14
361,3,3.3,4.23
361,4,2.99,4.23
361,5,1.99,2.83
362,2,2.99,4.14
362,3,5.81,4.23
362,4,4.12,4.23
363,2,4.59,4.14
363,3,5.87,4.23
363,4,4.66,4.23
364,2,3.99,4.14
364,3,3.77,4.23
364,4,4.49,4.23
365,2,3.59,4.14
365,3,4.99,4.23
365,4,4.49,4.23
366,2,1.49,4.14
366,3,3.99,4.23
366,4,4.29,4.23
366,5,4.99,2.83
367,2,0.99,4.14
367,3,6.24,4.23
367,4,4.26,4.23
368,2,5.16,4.14
368,3,4.37,4.23
368,4,4.32,4.23
369,2,0.99,4.14
369,3,3.13,4.23
369,4,3.82,4.23
369,5,0.99,2.83
370,2,6.99,4.14
370,3,3.59,4.23
370,4,3.49,4.23
371,2,3.42,4.14
371,3,5.29,4.23
371,4,3.91,4.23
372,2,3.99,4.14
372,3,4.84,4.23
372,4,4.87,4.23
373,2,4.99,4.14
373,3,5.13,4.23
373,4,4.34,4.23
373,5,0.99,2.83
374,2,2.99,4.14
374,3,4.49,4.23
374,4,3.89,4.23
374,5,2.99,2.83
375,2,4.66,4.14
375,3,4.32,4.23
375,4,4.59,4.23
376,2,0.99,4.14
376,3,3.79,4.23
376,4,4.66,4.23
377,2,2.99,4.14
377,3,3.1,4.23
377,4,4.24,4.23
378,2,5.99,4.14
378,3,4.32,4.23
378,4,2.62,4.23
379,2,5.99,4.14
379,3,3.99,4.23
379,4,5.16,4.23
380,2,3.49,4.14
380,3,3.53,4.23
380,4,4.2,4.23
381,2,3.39,4.14
381,3,3.45,4.23
381,4,2.7,4.23
382,2,3.19,4.14
382,3,4.28,4.23
382,4,3.99,4.23
383,2,4.66,4.14
383,3,3.89,4.23
383,4,2.99,4.23
384,2,4.99,4.14
384,3,3.99,4.23
384,4,2.37,4.23
385,2,1.66,4.14
385,3,4.39,4.23
385,4,4.08,4.23
386,2,3.39,4.14
386,3,3.79,4.23
386,4,4.22,4.23
387,2,2.49,4.14
387,3,3.9,4.23
387,4,4.39,4.23
388,2,5.39,4.14
388,3,4.63,4.23
388,4,3.26,4.23
388,5,0.99,2.83
389,2,4.66,4.14
389,3,4.99,4.23
389,4,4.66,4.23
390,2,5.19,4.14
390,3,4.99,4.23
390,4,4.06,4.23
391,2,2.19,4.14
391,3,2.87,4.23
391,4,3.82,4.23
392,2,4.49,4.14
392,3,4.54,4.23
392,4,2.99,4.23
393,2,3.99,4.14
393,3,3.17,4.23
393,4,4.68,4.23
394,2,4.99,4.14
394,3,3.62,4.23
394,4,3.89,4.23
394,5,4.99,2.83
395,2,2.66,4.14
395,3,2.82,4.23
395,4,3.56,4.23
396,2,4.66,4.14
396,3,4.49,4.23
396,4,3.61,4.23
397,2,3.99,4.14
397,3,3.53,4.23
397,4,3.91,4.23
398,2,6.66,4.14
398,3,3.99,4.23
398,4,4.85,4.23
399,2,4.49,4.14
399,3,4.24,4.23
399,4,3.87,4.23
400,2,3.99,4.14
400,3,3.89,4.23
400,4,4.99,4.23
401,3,2.88,4.23
401,4,3.69,4.23
402,2,4.32,4.14
402,3,2.99,4.23
402,4,4.41,4.23
403,2,5.99,4.14
403,3,4.32,4.23
403,4,5.16,4.23
404,2,3.99,4.14
404,3,5.26,4.23
404,4,4.28,4.23
405,2,4.49,4.14
405,3,3.66,4.23
405,4,2.72,4.23
405,5,0.99,2.83
406,2,3.85,4.14
406,3,4.32,4.23
406,4,3.82,4.23
407,2,1.99,4.14
407,3,3.91,4.23
407,4,4.54,4.23
408,2,3.66,4.14
408,3,3.91,4.23
408,4,3.82,4.23
409,2,7.49,4.14
409,3,4.79,4.23
409,4,3.92,4.23
410,2,3.82,4.14
410,3,5.11,4.23
410,4,3.92,4.23
410,5,2.99,2.83
411,2,1.66,4.14
411,3,3.87,4.23
411,4,2.74,4.23
411,5,4.99,2.83
412,2,2.99,4.14
412,3,5.49,4.23
412,4,3.85,4.23
412,5,0.99,2.83
413,2,5.49,4.14
413,3,3.08,4.23
413,4,3.49,4.23
414,2,6.99,4.14
414,3,3.49,4.23
414,4,4.09,4.23
415,2,3.99,4.14
415,3,4.43,4.23
415,4,3.72,4.23
416,2,2.59,4.14
416,3,4.91,4.23
416,4,3.69,4.23
417,2,3.99,4.14
417,3,3.76,4.23
417,4,5.13,4.23
417,5,2.99,2.83
418,2,2.99,4.14
418,3,3.11,4.23
418,4,4.59,4.23
419,2,2.99,4.14
419,3,4.39,4.23
419,4,3.07,4.23
420,2,1.99,4.14
420,3,4.82,4.23
420,4,3.63,4.23
421,2,4.32,4.14
421,3,5.12,4.23
421,4,4.84,4.23
421,5,0.99,2.83
422,2,3.74,4.14
422,3,4.37,4.23
422,4,3.13,4.23
422,5,2.99,2.83
423,2,5.59,4.14
423,3,4.24,4.23
423,4,4.53,4.23
424,2,4.32,4.14
424,3,4.1,4.23
424,4,3.68,4.23
424,5,0.99,2.83
425,2,6.99,4.14
425,3,3.42,4.23
425,4,3.99,4.23
426,2,3.99,4.14
426,3,3.99,4.23
426,4,5.99,4.23
427,2,3.79,4.14
427,3,4.87,4.23
427,4,4.99,4.23
428,2,2.99,4.14
428,3,2.99,4.23
428,4,4.54,4.23
429,2,4.99,4.14
429,3,4.32,4.23
429,4,5.1,4.23
430,2,2.66,4.14
430,3,3.13,4.23
430,4,4.85,4.23
431,2,5.13,4.14
431,3,3.99,4.23
431,4,3.59,4.23
431,5,2.99,2.83
432,2,4.66,4.14
432,3,4.59,4.23
432,4,4.74,4.23
433,3,5.32,4.23
433,4,4.7,4.23
434,2,4.13,4.14
434,3,5.29,4.23
434,4,4.55,4.23
435,2,0.99,4.14
435,3,2.99,4.23
435,4,4.39,4.23
436,2,9.99,4.14
436,3,4.61,4.23
436,4,4.37,4.23
437,2,3.99,4.14
437,3,4.13,4.23
437,4,4.49,4.23
438,2,2.99,4.14
438,3,5.32,4.23
438,4,3.92,4.23
438,5,0.99,2.83
439,2,3.99,4.14
439,3,4.52,4.23
439,4,3.82,4.23
440,3,3.87,4.23
440,4,3.99,4.23
440,5,4.99,2.83
441,2,4.99,4.14
441,3,3.7,4.23
441,4,3.93,4.23
441,5,4.99,2.83
442,2,4.74,4.14
442,3,2.77,4.23
442,4,3.8,4.23
443,2,2.99,4.14
443,3,3.59,4.23
443,4,5.49,4.23
444,2,4.32,4.14
444,3,3.7,4.23
444,4,3.49,4.23
445,3,4.78,4.23
445,4,2.99,4.23
446,2,3.49,4.14
446,3,3.39,4.23
446,4,4.23,4.23
447,2,3.49,4.14
447,3,3.74,4.23
447,4,4.63,4.23
448,2,4.99,4.14
448,3,5.49,4.23
448,4,4.39,4.23
448,5,1.99,2.83
449,2,2.99,4.14
449,3,5.82,4.23
449,4,4.62,4.23
450,2,3.28,4.14
450,3,3.49,4.23
450,4,3.85,4.23
450,5,0.99,2.83
451,2,3.28,4.14
451,3,3.8,4.23
451,4,5.42,4.23
452,2,3.28,4.14
452,3,3.24,4.23
452,4,3.53,4.23
452,5,4.99,2.83
453,2,6.32,4.14
453,3,4.59,4.23
453,4,4.69,4.23
454,2,5.29,4.14
454,3,4.08,4.23
454,4,4.17,4.23
455,2,1.99,4.14
455,3,3.55,4.23
455,4,5.1,4.23
456,2,3.7,4.14
456,3,4.49,4.23
456,4,3.56,4.23
457,2,3.43,4.14
457,3,4.88,4.23
457,4,3.99,4.23
457,5,1.99,2.83
458,2,3.49,4.14
458,3,3.49,4.23
458,4,3.55,4.23
459,2,3.7,4.14
459,3,5.66,4.23
459,4,4.99,4.23
460,2,0.99,4.14
460,3,4.57,4.23
460,4,5.24,4.23
461,2,5.49,4.14
461,3,3.78,4.23
461,4,2.44,4.23
462,2,6.99,4.14
462,3,4.74,4.23
462,4,4.68,4.23
463,2,3.99,4.14
463,3,4.29,4.23
463,4,3.09,4.23
464,2,3.99,4.14
464,3,4.49,4.23
464,4,5.49,4.23
465,2,4.49,4.14
465,3,4.77,4.23
465,4,2.66,4.23
466,2,5.79,4.14
466,3,4.89,4.23
466,4,3.42,4.23
467,2,7.74,4.14
467,3,3.35,4.23
467,4,5.14,4.23
468,2,3.99,4.14
468,3,5.13,4.23
468,4,4.2,4.23
469,2,5.49,4.14
469,3,4.46,4.23
469,4,4.49,4.23
470,2,3.32,4.14
470,3,4.63,4.23
470,4,5.7,4.23
471,2,4.19,4.14
471,3,4.66,4.23
471,4,3.32,4.23
472,2,4.16,4.14
472,3,5.29,4.23
472,4,5.43,4.23
472,5,4.99,2.83
473,2,3.49,4.14
473,3,3.63,4.23
473,4,4.45,4.23
474,2,8.49,4.14
474,3,3.57,4.23
474,4,3.19,4.23
474,5,0.99,2.83
475,3,3.7,4.23
475,4,4.79,4.23
476,2,3.24,4.14
476,3,5.66,4.23
476,4,4.43,4.23
476,5,0.99,2.83
477,2,6.49,4.14
477,3,3.13,4.23
477,4,5.89,4.23
478,2,5.32,4.14
478,3,4.32,4.23
478,4,4.13,4.23
479,2,3.99,4.14
479,3,4.28,4.23
479,4,5.32,4.23
479,5,0.99,2.83
480,2,0.99,4.14
480,3,4.21,4.23
480,4,5.49,4.23
481,2,3.49,4.14
481,3,3.44,4.23
481,4,4.45,4.23
482,2,1.99,4.14
482,3,4.32,4.23
482,4,5.82,4.23
483,2,4.99,4.14
483,3,3.59,4.23
483,4,5.43,4.23
484,2,4.74,4.14
484,3,3.99,4.23
484,4,5.19,4.23
485,2,5.99,4.14
485,3,4.62,4.23
485,4,3.55,4.23
486,2,4.24,4.14
486,3,3.56,4.23
486,4,4.91,4.23
487,2,3.99,4.14
487,3,6.26,4.23
487,4,3.35,4.23
488,2,4.99,4.14
488,3,3.88,4.23
488,4,4.63,4.23
489,2,4.49,4.14
489,3,5.59,4.23
489,4,3.59,4.23
490,2,3.99,4.14
490,3,5.28,4.23
490,4,4.63,4.23
491,2,4.56,4.14
491,3,3.99,4.23
491,4,5.54,4.23
492,2,5.49,4.14
492,3,3.49,4.23
492,4,3.85,4.23
493,2,3.24,4.14
493,3,5.1,4.23
493,4,5.37,4.23
493,5,2.99,2.83
494,2,2.99,4.14
494,3,4.72,4.23
494,4,4.49,4.23
495,2,4.99,4.14
495,3,4.12,4.23
495,4,5.17,4.23
495,5,0.99,2.83
496,2,2.99,4.14
496,3,5.21,4.23
496,4,3.74,4.23
496,5,2.99,2.83
497,2,5.74,4.14
497,3,3.24,4.23
497,4,4.85,4.23
497,5,4.99,2.83
498,2,3.32,4.14
498,3,3.66,4.23
498,4,3.46,4.23
499,2,3.74,4.14
499,3,4.76,4.23
499,4,3.66,4.23
500,2,5.19,4.14
500,3,3.55,4.23
500,4,3.54,4.23
501,2,6.99,4.14
501,3,4.49,4.23
501,4,4.1,4.23
502,2,3.32,4.14
502,3,3.91,4.23
502,4,4.92,4.23
503,2,2.99,4.14
503,3,3.26,4.23
503,4,4.19,4.23
504,2,4.49,4.14
504,3,4.24,4.23
504,4,5.26,4.23
505,2,6.24,4.14
505,3,3.13,4.23
505,4,5.7,4.23
505,5,4.99,2.83
506,2,5.59,4.14
506,3,3.76,4.23
506,4,4.69,4.23
507,2,4.99,4.14
507,3,4.99,4.23
507,4,3.32,4.23
508,2,4.99,4.14
508,3,5.85,4.23
508,4,5.35,4.23
508,5,0.99,2.83
509,2,3.99,4.14
509,3,5.32,4.23
509,4,4.69,4.23
510,2,4.24,4.14
510,3,4.39,4.23
510,4,4.69,4.23
511,2,5.49,4.14
511,3,4.99,4.23
511,4,3.26,4.23
512,2,4.99,4.14
512,3,4.84,4.23
512,4,4.1,4.23
512,5,0.99,2.83
513,2,4.32,4.14
513,3,4.99,4.23
513,4,4.68,4.23
514,2,2.49,4.14
514,3,3.35,4.23
514,4,4.49,4.23
515,2,4.32,4.14
515,3,4.49,4.23
515,4,3.87,4.23
516,2,3.82,4.14
516,3,2.42,4.23
516,4,5.21,4.23
516,5,2.99,2.83
517,2,4.59,4.14
517,3,3.85,4.23
517,4,4.24,4.23
518,2,3.49,4.14
518,3,4.59,4.23
518,4,4.3,4.23
519,2,5.99,4.14
519,3,4.99,4.23
519,4,3.99,4.23
520,2,4.32,4.14
520,3,3.85,4.23
520,4,4.35,4.23
521,2,0.99,4.14
521,3,3.81,4.23
521,4,3.55,4.23
521,5,4.99,2.83
522,2,4.24,4.14
522,3,5.21,4.23
522,4,5.15,4.23
523,2,6.24,4.14
523,3,3.49,4.23
523,4,4.19,4.23
524,2,3.32,4.14
524,3,3.82,4.23
524,4,6.12,4.23
525,2,2.99,4.14
525,3,2.59,4.23
525,4,4.54,4.23
525,5,2.99,2.83
526,2,4.66,4.14
526,3,5.91,4.23
526,4,4.49,4.23
527,2,1.99,4.14
527,3,4.39,4.23
527,4,2.99,4.23
527,5,2.99,2.83
528,2,3.99,4.14
528,3,4.13,4.23
528,4,5.17,4.23
529,2,1.32,4.14
529,3,4.82,4.23
529,4,4.14,4.23
530,2,1.99,4.14
530,3,3.99,4.23
530,4,3.49,4.23
530,5,2.99,2.83
531,2,2.99,4.14
531,3,5.37,4.23
531,4,4.63,4.23
532,2,4.49,4.14
532,3,4.99,4.23
532,4,4.99,4.23
532,5,0.99,2.83
533,2,3.16,4.14
533,3,5.19,4.23
533,4,4.53,4.23
533,5,2.99,2.83
534,2,3.19,4.14
534,3,4.1,4.23
534,4,3.7,4.23
534,5,2.99,2.83
535,2,4.99,4.14
535,3,4.26,4.23
535,4,4.44,4.23
536,2,3.66,4.14
536,3,5.87,4.23
536,4,4.32,4.23
537,2,5.99,4.14
537,3,4.13,4.23
537,4,3.41,4.23
537,5,4.99,2.83
538,2,4.74,4.14
538,3,4.32,4.23
538,4,3.7,4.23
539,2,3.32,4.14
539,3,3.79,4.23
539,4,4.66,4.23
540,2,3.79,4.14
540,3,5.39,4.23
540,4,4.43,4.23
541,2,4.99,4.14
541,3,3.99,4.23
541,4,4.85,4.23
542,2,7.99,4.14
542,3,3.49,4.23
542,4,5.99,4.23
543,2,4.39,4.14
543,3,3.42,4.23
543,4,3.49,4.23
544,2,4.24,4.14
544,3,4.59,4.23
544,4,4.99,4.23
545,2,2.99,4.14
545,3,4.32,4.23
545,4,4.77,4.23
546,2,3.24,4.14
546,3,4.21,4.23
546,4,3.99,4.23
547,2,8.99,4.14
547,3,4.1,4.23
547,4,4.19,4.23
548,2,1.99,4.14
548,3,4.49,4.23
548,4,4.99,4.23
548,5,0.99,2.83
549,2,2.99,4.14
549,3,2.99,4.23
549,4,4.66,4.23
550,2,6.66,4.14
550,3,4.91,4.23
550,4,4.08,4.23
550,5,2.99,2.83
551,2,4.49,4.14
551,3,3.44,4.23
551,4,3.62,4.23
552,2,2.99,4.14
552,3,3.88,4.23
552,4,5.43,4.23
553,2,6.66,4.14
553,3,3.49,4.23
553,4,4.3,4.23
554,2,5.49,4.14
554,3,4.74,4.23
554,4,4.24,4.23
555,2,1.99,4.14
555,3,4.29,4.23
555,4,4.99,4.23
556,2,5.19,4.14
556,3,3.99,4.23
556,4,3.28,4.23
557,2,3.99,4.14
557,3,2.49,4.23
557,4,2.69,4.23
557,5,4.99,2.83
558,2,5.59,4.14
558,3,4.62,4.23
558,4,4.72,4.23
559,2,3.24,4.14
559,3,4.66,4.23
559,4,3.49,4.23
560,2,3.49,4.14
560,3,5.17,4.23
560,4,4.28,4.23
560,5,2.99,2.83
561,2,3.77,4.14
561,3,2.74,4.23
561,4,4.28,4.23
561,5,0.99,2.83
562,2,4.49,4.14
562,3,4.55,4.23
562,4,4.32,4.23
563,2,2.99,4.14
563,3,3.66,4.23
563,4,3.8,4.23
564,2,2.99,4.14
564,3,3.49,4.23
564,4,4.21,4.23
565,2,5.66,4.14
565,3,5.14,4.23
565,4,3.17,4.23
566,2,4.24,4.14
566,3,4.19,4.23
566,4,3.99,4.23
567,2,3.99,4.14
567,3,5.28,4.23
567,4,3.72,4.23
568,2,3.59,4.14
568,3,3.13,4.23
568,4,2.99,4.23
568,5,2.99,2.83
569,2,6.49,4.14
569,3,4.28,4.23
569,4,3.49,4.23
570,2,4.7,4.14
570,3,4.32,4.23
570,4,3.2,4.23
570,5,0.99,2.83
571,2,5.49,4.14
571,3,3.7,4.23
571,4,5.43,4.23
572,2,4.32,4.14
572,3,3.99,4.23
572,4,4.32,4.23
573,2,5.24,4.14
573,3,2.88,4.23
573,4,4.72,4.23
574,2,3.19,4.14
574,3,3.99,4.23
574,4,4.32,4.23
575,2,3.66,4.14
575,3,5.16,4.23
575,4,4.1,4.23
576,2,4.85,4.14
576,3,3.99,4.23
576,4,4.26,4.23
576,5,2.99,2.83
577,2,4.66,4.14
577,3,3.74,4.23
577,4,4.81,4.23
578,2,4.99,4.14
578,3,5.32,4.23
578,4,4.07,4.23
579,2,4.32,4.14
579,3,3.55,4.23
579,4,4.7,4.23
579,5,0.99,2.83
580,2,0.99,4.14
580,3,4.79,4.23
580,4,3.32,4.23
581,2,3.99,4.14
581,3,3.49,4.23
581,4,4.13,4.23
582,2,3.99,4.14
582,3,4.39,4.23
582,4,5.39,4.23
582,5,2.99,2.83
583,2,4.99,4.14
583,3,3.79,4.23
583,4,5.74,4.23
584,2,5.49,4.14
584,3,4.53,4.23
584,4,3.74,4.23
585,2,3.49,4.14
585,3,4.66,4.23
585,4,5.45,4.23
585,5,4.99,2.83
586,2,1.99,4.14
586,3,2.55,4.23
586,4,3.99,4.23
587,2,3.99,4.14
587,3,4.1,4.23
587,4,4.89,4.23
587,5,0.99,2.83
588,2,4.99,4.14
588,3,3.74,4.23
588,4,3.78,4.23
589,2,6.19,4.14
589,3,4.99,4.23
589,4,3.79,4.23
590,2,6.19,4.14
590,3,4.49,4.23
590,4,4.06,4.23
590,5,2.99,2.83
591,2,2.99,4.14
591,3,5.55,4.23
591,4,5.06,4.23
592,2,4.99,4.14
592,3,2.99,4.23
592,4,4.12,4.23
592,5,0.99,2.83
593,2,5.24,4.14
593,3,4.49,4.23
593,4,3.74,4.23
594,2,3.99,4.14
594,3,6.32,4.23
594,4,4.7,4.23
595,2,3.99,4.14
595,3,1.99,4.23
595,4,4.57,4.23
596,2,1.99,4.14
596,3,3.61,4.23
596,4,3.66,4.23
596,5,0.99,2.83
597,2,2.66,4.14
597,3,4.26,4.23
597,4,3.49,4.23
597,5,4.99,2.83
598,2,2.99,4.14
598,3,3.19,4.23
598,4,4.05,4.23
599,2,5.24,4.14
599,3,3.99,4.23
599,4,4.28,4.23
